Age,Attrition,BusinessTravel,Department,DistanceFromHome,Gender,JobInvolvement,JobLevel,JobRole,JobSatisfaction,MaritalStatus,MonthlyIncome,NumCompaniesWorked,OverTime,PercentSalaryHike,PerformanceRating,TotalWorkingYears,TrainingTimesLastYear,YearsAtCompany,YearsSinceLastPromotion,YearsWithCurrManager,Higher_Education,Status_of_leaving,Mode_of_work,Leaves,Absenteeism,Work_accident,Source_of_Hire,Job_mode
37,1,1,2,2,1,2,1,2,3,0,2090,6,1,15,3,7,3,0,0,0,1,1,1,4,2,0,1,1
21,0,1,2,15,1,3,1,1,4,0,1232,1,0,14,3,0,6,0,0,0,1,3,0,5,2,0,0,2
45,0,1,2,6,1,3,3,7,1,2,13245,4,1,14,3,17,3,0,0,0,2,0,0,1,3,0,1,1
23,0,1,1,2,1,3,1,6,1,1,2322,3,0,13,3,3,3,0,0,0,3,3,1,1,0,1,0,0
22,0,1,2,15,0,3,1,2,4,0,2871,1,0,15,3,1,5,0,0,0,3,4,0,5,2,0,1,1
19,1,1,1,22,1,3,1,6,3,0,1675,1,1,19,3,0,2,0,0,0,3,3,0,1,1,1,3,2
19,1,2,1,1,0,1,1,6,1,0,2325,0,0,21,4,1,5,0,0,0,3,3,0,2,2,0,2,1
28,1,1,2,2,1,3,1,2,3,0,3485,2,0,11,3,5,5,0,0,0,2,2,0,0,2,0,2,1
29,0,1,1,2,1,2,2,0,2,2,6644,2,0,19,3,10,2,0,0,0,1,4,1,5,2,0,2,2
18,1,1,2,3,1,3,1,2,3,0,1420,1,0,13,3,0,2,0,0,0,3,2,0,5,2,0,2,0
18,0,1,1,10,0,2,1,6,3,0,1200,1,0,12,3,0,2,0,0,0,0,2,0,1,2,1,3,0
47,0,2,1,4,1,3,2,6,3,0,2976,3,0,19,3,5,3,0,0,0,0,2,0,5,0,1,2,0
48,0,1,1,29,0,3,3,5,3,2,12504,3,0,21,4,15,3,0,0,0,3,3,0,1,2,1,1,2
18,1,2,1,5,1,3,1,6,2,0,1878,1,1,14,3,0,3,0,0,0,2,2,0,3,2,0,3,0
26,0,1,1,29,1,3,2,0,3,1,4306,5,0,12,3,8,5,0,0,0,1,0,0,0,3,1,1,2
38,0,1,2,1,0,3,1,1,1,0,2619,3,0,17,3,8,3,0,0,0,1,0,0,2,3,0,2,0
34,0,1,2,8,0,3,2,3,1,1,5121,3,0,14,3,7,3,0,0,0,0,1,0,3,0,0,3,2
23,1,1,2,6,1,4,1,2,1,2,1601,1,1,21,4,1,2,0,0,0,1,0,1,2,1,1,1,2
30,0,1,2,2,0,2,2,3,4,0,6877,5,1,24,4,12,4,0,0,0,1,2,0,3,3,1,1,2
27,0,0,2,3,1,3,1,1,4,2,1706,1,0,11,3,0,6,0,0,0,1,0,1,3,2,0,3,1
48,0,1,2,20,1,3,1,1,3,2,2259,4,0,17,3,13,2,0,0,0,2,0,0,0,2,1,2,0
29,1,1,2,10,0,2,1,1,1,0,2404,6,1,20,4,3,5,0,0,0,0,1,0,1,0,0,3,0
18,0,0,2,5,1,3,1,1,4,0,1051,1,0,15,3,0,2,0,0,0,2,0,0,3,0,0,3,0
50,1,2,1,1,1,3,2,0,3,0,4728,3,1,14,3,5,4,0,0,0,1,0,1,1,3,0,0,2
34,0,0,2,3,1,2,1,1,4,2,2979,3,0,17,3,6,2,0,0,0,0,2,0,0,2,0,0,1
18,1,0,2,8,1,3,1,2,3,0,1904,1,0,12,3,0,0,0,0,0,3,3,1,5,3,0,0,0
22,1,2,2,3,1,2,1,1,4,2,2853,0,1,11,3,1,5,0,0,0,0,0,0,5,1,0,2,0
44,0,0,2,17,1,1,1,1,3,0,2290,2,0,13,3,6,3,0,0,0,3,3,0,1,3,0,0,1
40,0,2,1,2,1,3,2,0,2,2,4327,5,0,12,3,5,2,0,0,0,2,1,0,2,3,1,2,0
45,0,2,2,25,0,3,5,5,2,0,18061,3,0,22,4,22,4,0,0,0,0,3,1,4,3,1,3,1
18,0,0,2,1,0,3,1,2,4,0,1611,1,0,15,3,0,5,0,0,0,0,1,0,1,3,1,1,2
24,1,2,2,9,1,3,1,2,1,0,3172,2,1,11,3,4,2,0,0,0,1,2,1,5,2,1,1,2
28,1,2,2,2,1,2,1,2,1,0,2561,7,0,11,3,8,2,0,0,0,0,0,0,5,0,0,1,0
33,0,1,2,8,1,3,2,4,3,0,6388,2,1,17,3,14,6,0,0,0,1,3,1,3,3,0,3,0
18,1,2,1,3,0,3,1,6,4,0,1569,1,1,12,3,0,2,0,0,0,0,0,1,0,1,0,0,2
38,0,1,2,4,0,3,1,2,3,2,3306,7,0,19,3,7,5,0,0,0,2,0,1,2,3,1,2,0
32,1,1,1,1,1,1,2,0,2,0,6735,6,0,15,3,10,2,0,0,0,3,2,0,1,1,1,0,0
33,1,1,1,16,0,3,3,0,1,0,8564,2,1,20,4,11,2,0,0,0,2,1,1,5,1,0,0,1
42,0,1,2,13,1,4,2,4,1,2,5538,5,0,18,3,10,2,0,0,0,2,3,0,3,0,1,1,1
18,0,0,2,14,0,3,1,1,3,0,1514,1,0,16,3,0,4,0,0,0,1,2,0,4,3,0,2,1
32,0,2,1,10,1,3,2,0,4,0,4648,8,0,13,3,4,2,0,0,0,2,2,1,3,3,1,2,1
42,0,1,2,8,1,3,1,2,3,0,3968,4,0,13,3,8,3,0,0,0,1,4,1,5,1,0,3,0
56,0,1,1,11,0,2,2,0,1,2,5380,4,0,16,3,6,3,0,0,0,3,4,1,5,0,1,0,1
42,0,1,1,12,1,3,2,0,4,1,5087,3,1,12,3,14,4,0,0,0,3,2,1,1,2,0,0,2
59,0,1,2,3,0,4,1,2,1,2,2670,4,1,20,4,12,3,1,0,0,2,3,1,2,1,1,1,1
30,0,1,2,24,1,3,1,2,3,1,2693,1,0,22,4,1,2,1,0,0,1,3,0,2,3,0,2,2
22,0,0,2,16,1,4,1,2,4,1,2935,1,1,13,3,1,2,1,0,0,3,1,1,0,0,1,2,1
33,0,1,2,2,1,3,1,2,4,0,2496,4,0,11,3,7,3,1,0,0,3,2,1,1,0,1,1,1
39,1,1,1,5,1,3,2,6,4,2,2086,3,0,14,3,19,6,1,0,0,2,0,1,5,0,0,0,1
36,0,1,2,5,0,2,1,1,1,2,3419,9,1,14,3,6,3,1,0,0,1,2,1,4,2,0,0,2
35,0,1,2,4,1,3,1,2,4,1,1951,1,0,12,3,1,3,1,0,0,1,4,0,0,3,0,3,0
27,0,1,2,2,0,3,1,2,1,1,2341,1,0,13,3,1,6,1,0,0,0,4,1,5,0,0,1,2
26,1,1,2,25,1,1,1,2,3,0,2293,1,0,12,3,1,2,1,0,1,2,0,0,4,3,0,3,2
37,0,1,2,19,1,3,1,1,2,2,3022,4,0,21,4,8,1,1,0,0,3,2,0,5,1,0,1,2
35,0,1,2,8,1,4,1,2,4,2,2269,1,0,19,3,1,2,1,0,1,3,1,1,2,2,1,2,0
48,1,1,2,1,1,2,3,2,3,0,5381,9,1,13,3,23,2,1,0,0,1,3,1,4,2,0,0,1
45,0,1,2,7,1,3,3,1,1,1,9724,2,0,17,3,25,2,1,0,0,1,2,1,5,0,0,3,2
36,1,1,2,9,1,2,1,1,3,2,3388,0,1,17,3,2,0,1,0,0,2,3,0,4,3,1,1,0
31,0,1,2,1,1,3,1,1,2,0,2501,1,0,17,3,1,4,1,1,0,1,1,0,0,3,0,0,1
36,0,1,2,6,0,4,1,2,4,2,3038,3,0,12,3,5,3,1,0,0,0,0,1,3,1,1,2,1
55,0,1,1,1,1,3,3,0,4,2,10239,3,0,14,3,24,4,1,1,0,3,2,0,0,2,0,3,0
32,0,1,2,1,1,3,1,1,1,0,2956,1,0,13,3,1,2,1,0,0,0,1,0,4,1,1,3,0
20,1,2,2,6,0,2,1,2,4,0,2926,1,1,18,3,1,5,1,1,0,1,0,0,3,3,0,0,1
37,0,0,2,2,1,2,2,4,4,1,5163,5,0,14,3,17,2,1,0,0,0,2,0,3,0,0,0,1
34,0,1,2,6,0,2,2,1,2,1,4505,6,0,15,3,12,3,1,0,0,0,1,0,5,2,1,3,1
36,0,1,2,3,0,3,1,2,4,1,2835,5,0,22,4,7,2,1,0,0,1,1,1,5,2,0,1,0
19,0,1,2,3,0,3,1,2,2,0,1483,1,0,14,3,1,3,1,0,0,0,3,1,0,0,0,1,0
51,0,1,2,7,1,2,2,3,3,2,6132,2,0,17,3,10,2,1,0,0,2,2,0,1,1,1,1,1
58,0,1,2,9,0,2,1,1,2,2,3346,4,1,20,4,9,3,1,0,0,1,3,0,3,0,0,1,1
27,0,0,2,3,1,2,1,1,3,1,2566,1,1,15,3,1,2,1,0,1,2,2,0,5,1,1,1,1
19,1,1,2,2,1,2,1,2,4,0,1102,1,0,22,4,1,3,1,1,0,2,2,1,0,1,0,3,1
35,1,1,2,23,1,2,2,3,3,2,5916,3,1,13,3,8,1,1,0,1,3,1,0,0,0,1,0,0
38,0,1,2,2,1,3,2,3,3,2,6553,9,0,14,3,14,3,1,0,0,2,4,1,3,2,1,1,0
38,1,1,2,29,1,3,2,4,1,2,6673,7,1,19,3,17,2,1,0,0,2,4,1,3,2,0,0,2
41,0,1,1,6,0,3,3,5,4,0,13591,3,1,18,3,16,3,1,0,0,3,3,0,5,1,1,2,2
59,0,1,2,3,1,2,1,1,4,2,2177,3,0,17,3,7,6,1,0,0,3,0,1,4,1,1,0,1
41,0,1,2,19,1,3,2,1,1,1,3072,2,0,16,3,17,2,1,0,0,1,0,0,0,1,1,1,2
37,1,2,2,10,1,3,3,3,3,1,10048,6,0,11,3,17,5,1,0,0,1,1,0,0,1,1,0,2
51,0,1,2,1,1,3,1,1,4,2,2723,1,0,11,3,1,0,1,0,0,0,4,0,2,1,1,0,2
44,1,2,2,24,1,3,1,2,3,1,3161,3,1,22,4,19,0,1,0,0,2,3,1,0,2,0,0,1
36,0,2,2,18,1,4,1,2,4,2,3688,4,0,18,3,4,2,1,0,0,0,4,1,4,0,0,0,0
39,1,1,1,3,0,3,2,0,3,2,5238,4,1,18,3,12,3,1,0,0,3,3,1,0,1,1,1,0
43,0,1,2,7,0,3,3,4,1,2,9985,8,0,16,3,10,1,1,0,0,1,0,0,1,3,0,0,0
42,0,1,2,23,0,3,4,7,4,0,15992,2,0,14,3,16,2,1,0,0,1,3,0,1,0,0,1,0
42,0,1,2,2,1,2,2,4,4,0,6781,3,0,23,4,14,6,1,0,0,0,3,0,3,0,1,1,1
36,0,0,1,1,0,3,2,0,4,0,6653,4,0,15,3,7,6,1,0,0,2,2,0,3,0,0,0,1
33,1,1,1,5,0,3,1,6,3,0,2851,1,1,13,3,1,2,1,0,0,3,2,1,0,1,0,0,1
46,0,0,2,7,0,3,2,3,3,2,5258,2,0,14,3,7,2,1,0,0,1,4,0,1,3,0,2,1
21,1,1,1,12,0,4,1,6,2,0,2716,1,0,15,3,1,0,1,0,0,0,1,0,1,1,1,0,2
35,0,1,2,9,1,2,2,4,2,0,6540,9,0,19,3,10,5,1,0,0,2,3,1,1,2,0,1,0
30,0,1,1,2,1,3,1,6,2,2,2476,1,0,18,3,1,3,1,0,0,3,0,0,4,2,0,1,0
30,1,2,2,4,1,3,1,1,4,0,2285,9,1,23,4,3,4,1,0,0,0,3,0,4,1,1,1,0
37,0,1,2,10,1,3,2,3,2,0,4197,2,1,12,3,18,2,1,0,1,1,3,1,3,3,0,1,0
40,0,1,2,2,0,2,2,2,3,2,3448,6,0,22,4,20,3,1,0,0,1,1,0,5,1,0,0,1
38,0,2,2,2,1,3,1,2,4,2,1702,1,1,23,4,1,3,1,0,0,0,1,0,5,2,0,0,0
19,1,1,0,2,1,2,1,8,4,0,2564,1,0,12,3,1,3,1,0,0,2,3,0,0,0,1,2,0
57,0,1,1,29,1,2,4,5,4,1,14118,3,0,12,3,32,3,1,0,0,2,3,0,2,3,0,2,1
54,0,1,2,8,0,3,2,2,3,0,3780,7,0,11,3,19,3,1,0,0,1,4,0,0,3,0,1,0
31,1,2,2,20,1,3,3,4,3,2,9824,3,0,12,3,12,2,1,0,0,1,1,0,4,0,1,3,0
40,0,0,1,28,1,1,3,0,1,1,10932,3,0,15,3,20,2,1,0,1,3,0,0,3,3,0,2,0
26,1,1,2,24,1,1,1,2,4,0,2340,1,1,18,3,1,3,1,0,0,0,1,0,2,2,0,3,1
38,0,1,2,10,0,3,2,4,3,2,9824,3,0,19,3,18,4,1,0,0,0,1,0,0,3,0,2,1
24,0,1,2,17,1,2,1,2,2,2,2127,1,0,21,4,1,2,1,0,0,3,3,1,5,3,1,3,0
30,1,2,1,12,1,2,1,6,1,2,2033,1,0,18,3,1,2,1,0,0,1,1,0,4,3,1,1,1
20,0,1,2,1,0,2,1,1,2,0,2836,1,0,13,3,1,0,1,0,0,0,1,0,0,2,0,3,2
43,0,1,2,6,1,2,4,7,4,1,16627,4,1,14,3,21,3,1,0,0,0,0,0,4,3,0,1,1
30,0,2,2,3,0,3,1,1,3,1,2083,1,0,20,4,1,2,1,0,0,1,2,0,4,0,1,2,0
45,1,2,1,26,0,3,2,0,1,2,4286,2,0,14,3,5,4,1,0,0,2,0,1,0,3,1,3,1
20,1,1,2,10,1,3,1,1,3,0,1009,1,1,11,3,1,5,1,1,1,1,1,1,1,3,0,3,0
35,0,0,2,3,1,2,1,2,3,2,1281,1,0,18,3,1,3,1,0,0,1,1,0,0,1,1,1,0
37,0,1,2,10,1,4,1,1,4,0,4680,3,0,17,3,4,2,1,0,0,1,3,0,5,3,1,0,0
38,0,1,2,1,0,3,3,3,3,0,7861,4,1,14,3,10,4,1,0,0,2,4,1,4,2,0,1,1
29,0,1,1,10,1,3,1,6,3,0,2642,1,0,11,3,1,6,1,0,0,0,1,0,5,2,0,1,1
35,0,0,2,2,0,3,2,4,1,1,5093,2,0,11,3,16,2,1,0,0,2,3,0,0,0,0,2,2
38,0,1,2,2,1,3,1,1,3,2,3057,6,1,13,3,6,0,1,0,1,2,4,1,1,0,0,2,0
24,0,0,2,9,1,2,1,2,2,1,2694,1,0,11,3,1,4,1,0,0,1,2,1,3,2,0,1,2
29,1,1,2,1,0,2,1,2,1,2,2319,1,1,11,3,1,1,1,0,0,2,1,1,3,1,0,2,2
40,0,2,2,16,1,2,2,2,3,0,5094,6,0,14,3,10,6,1,0,0,0,0,1,2,2,1,0,2
45,0,1,2,2,0,2,1,1,3,0,2274,1,0,14,3,1,3,1,0,0,2,0,1,4,3,1,2,1
37,0,1,1,16,1,2,2,0,3,1,6334,4,0,19,3,9,2,1,0,0,0,3,1,0,0,0,2,2
32,1,1,2,25,1,3,1,2,4,0,2795,1,1,24,4,1,2,1,0,1,0,3,0,2,1,1,3,2
58,1,2,2,2,1,2,1,2,4,1,2380,9,1,14,3,3,3,1,0,0,3,4,1,0,2,1,0,1
43,0,1,2,8,0,3,2,3,2,1,4765,4,0,21,4,4,2,1,0,0,2,4,1,3,3,0,3,0
21,1,1,2,18,0,3,1,1,4,0,2693,1,0,19,3,1,3,1,0,0,2,2,0,4,0,0,2,2
27,0,1,2,4,0,3,1,1,3,0,2318,1,0,19,3,1,2,1,0,0,0,4,1,4,3,1,3,0
34,0,1,2,10,1,3,1,2,2,1,2008,1,0,14,3,1,3,1,1,0,0,0,0,4,1,0,2,0
25,1,1,1,19,1,2,1,6,2,2,2413,1,1,18,3,1,2,1,0,0,2,3,0,5,3,1,2,0
40,0,1,1,10,1,2,3,0,2,1,9705,2,0,12,3,11,2,1,0,0,2,0,1,4,2,0,1,0
19,1,1,1,21,1,2,1,6,2,0,2121,1,1,13,3,1,3,1,0,0,3,2,1,2,0,0,0,1
20,1,1,2,4,1,3,1,2,1,0,2973,1,0,19,3,1,2,1,0,0,1,1,1,0,1,1,1,1
40,0,2,2,9,1,3,1,1,2,1,3617,8,1,14,3,3,2,1,0,0,1,2,0,2,0,0,0,1
58,1,1,2,2,1,3,1,1,3,0,2479,4,0,24,4,7,4,1,0,0,1,3,0,4,2,1,2,1
40,1,0,1,24,0,4,4,0,2,0,13194,4,1,16,3,22,2,1,0,0,1,0,1,4,3,1,0,0
20,1,1,2,11,0,2,1,1,1,0,2600,1,1,15,3,1,2,1,0,0,1,4,1,0,2,1,3,0
42,0,1,1,5,1,3,5,5,3,2,18303,6,0,13,3,21,3,1,0,0,1,2,0,4,2,0,1,2
50,0,1,2,9,1,3,1,2,4,2,2380,4,0,18,3,8,5,1,0,0,1,1,0,3,0,0,2,0
37,1,1,2,11,0,1,2,4,2,2,4777,5,0,15,3,15,2,1,0,0,2,4,1,2,0,0,0,0
38,0,1,1,3,1,3,2,0,4,0,6861,8,1,12,3,19,1,1,0,0,3,0,0,1,1,0,0,1
36,1,1,2,15,1,3,2,2,3,1,4834,7,0,14,3,9,3,1,0,0,1,2,1,4,2,1,2,0
34,0,1,1,10,0,3,1,6,3,2,2220,1,1,19,3,1,2,1,0,0,2,1,1,0,3,1,1,0
28,0,1,1,10,1,3,1,6,2,2,1052,1,0,22,4,1,5,1,0,0,2,2,0,0,0,1,1,1
43,0,1,1,25,1,2,3,0,4,1,10798,5,0,13,3,18,5,1,0,0,2,3,1,4,2,0,2,2
21,1,1,2,10,0,2,1,2,1,0,1416,1,0,13,3,1,6,1,1,0,0,2,1,1,1,1,0,1
37,0,1,1,10,0,2,2,0,4,1,6694,2,1,14,3,8,5,1,0,0,2,1,0,3,2,1,0,2
26,1,1,2,21,1,3,1,2,3,1,2377,1,0,20,4,1,0,1,0,0,0,2,1,0,0,0,2,0
28,1,2,2,1,1,2,1,2,2,1,2596,1,0,15,3,1,2,1,0,0,3,2,0,0,2,0,0,1
38,0,1,1,2,1,3,3,0,2,0,7351,7,0,16,3,10,2,1,0,0,0,1,0,3,0,0,0,2
42,0,1,2,29,1,1,2,2,4,0,4272,4,0,19,3,16,3,1,0,0,2,2,0,0,1,0,2,0
41,0,1,2,12,1,3,1,2,4,2,4766,3,1,11,3,6,4,1,0,0,0,4,1,1,0,0,0,0
28,1,1,2,12,0,3,1,2,4,2,2515,1,1,11,3,1,4,1,0,0,2,2,1,4,1,1,3,0
40,0,2,2,26,0,2,2,1,4,2,4422,3,1,13,3,16,3,1,0,0,1,1,0,5,3,0,0,2
32,0,0,1,2,0,3,1,6,1,1,2827,1,0,12,3,1,3,1,0,0,2,0,1,4,0,0,3,0
19,0,1,2,9,1,3,1,1,1,0,2552,1,0,25,4,1,4,1,0,0,2,2,0,5,1,1,2,1
41,1,0,2,5,1,2,1,1,1,1,2107,6,0,17,3,5,2,1,0,0,0,3,0,0,3,1,3,1
24,1,1,2,17,0,3,1,2,2,2,2210,1,0,13,3,1,3,1,0,0,2,2,1,5,3,0,2,0
42,0,2,2,26,0,3,3,7,1,2,13191,3,1,17,3,20,6,1,0,0,1,4,1,1,3,0,0,2
19,1,0,2,10,0,2,1,1,2,0,1859,1,1,25,4,1,2,1,0,0,1,3,1,1,1,1,2,2
49,0,1,2,4,1,2,5,5,3,2,18711,2,0,13,3,23,2,1,0,0,2,1,1,4,1,0,0,1
48,0,1,2,2,1,4,1,2,2,0,2559,5,0,11,3,7,4,1,0,0,1,2,1,3,0,0,0,2
48,0,1,2,1,1,2,5,7,4,0,18265,6,0,12,3,25,3,1,0,0,1,2,0,5,0,1,2,2
34,0,1,2,20,0,4,1,1,3,2,2585,0,0,17,3,2,5,1,0,0,0,0,0,5,2,1,0,0
19,0,1,2,25,0,4,1,1,4,0,2994,1,1,12,3,1,2,1,0,1,2,2,0,3,0,0,2,1
23,0,1,2,1,1,3,1,1,3,2,1223,1,0,22,4,1,2,1,0,1,1,4,1,2,1,1,1,0
25,1,2,1,24,1,1,1,6,4,0,1118,1,1,14,3,1,4,1,1,0,3,4,1,0,1,0,2,0
42,0,1,2,7,0,4,2,1,2,2,2372,6,1,16,3,18,2,1,0,0,0,3,0,5,3,1,2,0
27,0,1,1,11,0,4,1,6,4,2,2534,8,0,14,3,5,4,1,0,0,2,3,1,2,1,1,3,1
31,1,2,1,2,0,2,1,6,4,0,2785,7,0,14,3,3,3,1,0,0,0,0,0,1,1,0,0,1
31,1,2,1,1,0,1,1,6,3,0,1359,1,0,12,3,1,3,1,0,0,1,0,0,0,1,1,0,2
31,1,1,2,8,0,2,1,1,2,0,1261,1,0,12,3,1,3,1,0,0,1,1,0,5,2,1,3,1
39,1,0,2,2,0,2,1,2,1,0,3646,2,1,23,4,11,2,1,0,0,3,3,0,4,3,1,2,1
44,0,2,1,1,0,3,2,0,3,2,4768,7,0,12,3,11,4,1,0,0,1,3,1,0,2,0,3,1
30,0,0,2,7,1,3,1,1,3,1,1274,1,0,13,3,1,2,1,0,0,2,4,0,4,1,0,0,1
35,0,1,1,7,1,3,1,6,3,2,2404,1,0,13,3,1,3,1,0,0,3,0,1,4,3,1,1,1
24,0,0,1,13,0,3,1,6,2,2,2033,1,0,13,3,1,2,1,0,0,3,0,1,4,1,1,0,0
28,0,1,2,1,1,2,1,1,3,1,1563,1,0,14,3,1,2,1,0,0,0,4,1,4,3,0,3,1
42,0,1,2,2,1,2,1,2,2,2,4841,4,0,14,3,4,3,1,0,0,2,3,0,5,1,1,2,1
24,0,1,2,21,1,2,1,2,1,1,2296,0,0,14,3,2,3,1,0,0,2,4,0,4,3,0,1,0
29,0,1,2,9,1,4,1,1,3,2,2451,6,0,18,3,5,2,1,0,0,1,2,1,3,1,1,3,1
35,1,1,2,2,0,3,1,2,1,1,2074,1,1,12,3,1,2,1,0,0,3,2,1,3,3,0,3,0
34,0,1,2,7,1,3,1,1,4,0,2972,1,0,13,3,1,4,1,0,0,2,1,1,2,0,0,3,0
26,0,1,2,3,0,3,1,1,4,2,2061,1,0,21,4,1,5,1,0,0,1,4,0,2,2,0,2,1
36,0,1,1,1,0,3,2,0,3,0,6815,6,0,13,3,15,5,1,0,0,2,4,0,5,0,0,2,2
50,0,1,1,9,1,3,5,5,3,2,19331,4,1,16,3,27,2,1,0,0,3,1,1,4,1,1,0,0
42,0,1,2,9,1,2,5,5,4,0,19613,8,0,22,4,24,2,1,0,1,0,4,1,1,1,1,1,1
35,0,1,2,7,1,2,1,2,4,2,2690,1,0,18,3,1,5,1,0,1,0,3,0,1,0,0,0,1
28,1,1,2,24,1,3,1,2,2,2,2408,1,1,17,3,1,3,1,0,0,0,0,0,1,1,1,0,0
32,1,1,2,2,1,3,1,2,2,0,1393,1,0,12,3,1,2,1,0,0,1,1,1,4,0,1,2,0
60,0,1,2,1,1,1,3,4,4,1,10883,3,0,20,4,19,2,1,0,0,0,1,1,1,1,0,0,1
24,1,1,0,22,1,1,1,8,3,2,1555,1,0,11,3,1,2,1,0,0,3,4,1,1,2,0,2,0
40,0,1,2,8,0,3,2,3,1,2,6516,2,1,16,3,18,3,1,0,0,2,0,1,0,1,1,0,1
47,0,0,1,2,1,3,2,0,2,2,4978,7,0,11,3,4,3,1,0,0,0,0,1,0,0,0,3,2
31,1,1,1,16,1,3,3,0,3,2,8161,2,0,13,3,10,2,1,0,0,2,3,1,4,3,1,1,2
29,0,1,2,4,0,2,1,1,1,1,2109,1,0,13,3,1,2,1,0,0,1,2,1,3,3,0,2,0
38,0,1,2,18,1,1,2,4,4,2,5811,3,1,16,3,15,2,1,1,0,2,3,0,2,1,1,1,2
43,1,2,2,17,1,2,1,1,3,2,2437,9,1,16,3,6,4,1,0,0,3,0,1,3,1,0,2,1
55,0,1,2,2,1,2,5,7,1,2,19038,8,0,12,3,34,2,1,0,0,3,4,0,4,1,1,0,1
21,1,1,1,7,1,3,1,6,2,0,2679,1,0,13,3,1,3,1,1,0,3,3,0,5,2,1,1,2
22,1,1,2,8,0,3,1,2,1,2,2398,1,1,17,3,1,6,1,0,0,0,1,0,5,3,1,1,0
31,1,1,0,18,1,4,1,8,1,2,2956,0,0,17,3,2,4,1,0,0,2,3,0,4,1,1,2,1
36,0,1,2,2,0,3,2,1,2,2,6962,4,1,22,4,15,2,1,0,0,1,2,0,4,0,1,0,2
29,0,1,0,6,1,2,1,8,2,2,2804,1,0,11,3,1,3,1,0,0,2,0,0,1,3,1,3,2
29,1,2,2,24,1,2,1,1,4,0,2439,1,1,24,4,1,3,1,1,0,1,1,1,3,1,1,3,2
28,0,1,1,3,0,3,1,6,2,2,2856,1,0,19,3,1,3,1,0,0,0,4,1,3,2,1,1,1
30,1,1,1,9,1,3,1,6,4,0,1081,1,0,13,3,1,3,1,0,0,2,4,0,0,0,0,1,0
22,1,1,2,7,1,3,1,1,2,0,2472,1,1,23,4,1,2,1,0,0,2,2,1,0,1,0,3,0
26,0,1,2,1,0,2,1,1,3,2,2933,1,1,13,3,1,3,1,1,0,3,1,1,1,0,1,3,2
29,1,2,1,24,1,4,1,6,1,0,1091,1,0,17,3,1,3,1,0,0,2,0,0,5,0,0,3,2
58,0,1,1,21,0,3,4,5,4,2,17875,4,1,13,3,29,2,1,0,0,0,1,0,2,1,0,0,2
27,1,2,0,22,0,2,1,8,2,2,2863,1,0,12,3,1,2,1,0,0,3,1,1,3,3,0,0,2
38,0,1,1,1,1,2,1,6,1,0,2858,4,0,14,3,20,3,1,0,0,2,2,0,3,1,0,3,0
32,0,1,2,5,1,2,2,3,4,0,9679,8,0,24,4,8,1,1,0,0,0,4,0,3,2,0,3,1
31,0,1,2,2,0,1,1,2,4,1,1129,1,1,11,3,1,4,1,0,0,3,0,1,4,3,0,0,1
33,0,0,2,1,1,2,1,2,3,1,2008,1,0,12,3,1,2,1,0,0,3,4,0,0,1,1,2,1
40,0,1,2,1,1,3,1,2,4,2,2406,8,0,19,3,8,3,1,0,0,2,1,0,1,2,1,0,0
23,1,2,1,9,1,3,1,6,1,2,1790,1,0,19,3,1,3,1,1,0,2,3,1,2,3,0,1,0
27,0,1,2,2,1,3,1,2,2,2,3468,9,0,12,3,6,3,2,2,2,1,0,0,0,2,1,3,1
34,0,1,2,19,1,3,1,2,4,1,2661,0,0,11,3,3,2,2,1,2,3,2,1,2,2,1,1,0
46,0,1,1,2,0,3,5,5,1,0,18947,3,0,12,3,22,2,2,2,1,2,3,0,2,2,0,0,2
24,1,1,2,1,1,3,1,1,4,2,2293,2,1,16,3,6,2,2,2,0,1,2,0,1,3,1,1,2
35,0,1,1,2,0,3,1,6,4,2,2014,1,0,13,3,2,3,2,2,2,0,1,1,1,1,0,1,0
28,1,1,2,5,1,3,1,2,3,0,3441,1,1,13,3,2,3,2,2,2,3,1,1,2,2,1,1,1
26,0,1,1,23,0,2,2,0,4,2,4157,7,1,19,3,5,2,2,0,0,2,3,0,4,3,1,0,0
35,0,1,2,23,0,3,1,2,1,2,4014,3,1,15,3,4,3,2,2,2,3,2,0,3,0,0,3,2
25,0,1,2,7,1,2,1,1,4,2,2889,1,0,11,3,2,2,2,2,1,0,0,0,4,0,0,3,1
22,0,1,2,2,1,3,1,2,4,2,2523,0,0,14,3,3,2,2,2,1,1,0,1,4,0,1,2,0
50,0,2,1,12,0,3,3,0,4,0,9208,4,0,11,3,16,3,2,2,1,0,1,1,5,0,0,3,1
31,1,1,1,20,0,1,2,0,3,2,4559,3,1,11,3,4,2,2,2,2,1,1,1,0,3,0,2,2
25,0,1,1,28,1,2,2,0,3,2,8639,2,0,18,3,6,3,2,2,2,2,2,1,1,2,1,3,1
22,0,1,2,19,1,3,1,1,4,2,2323,1,0,24,4,2,6,2,2,2,0,2,0,5,0,1,2,2
27,0,0,2,9,1,3,1,1,2,1,2024,6,0,18,3,6,1,2,2,2,2,0,1,4,1,0,3,1
56,0,1,2,8,0,3,1,1,1,1,4257,4,1,18,3,19,3,2,2,2,1,0,1,1,1,0,0,2
38,0,1,2,9,0,3,1,2,4,0,2288,1,0,12,3,2,3,2,2,1,2,2,0,5,1,1,0,0
27,0,2,2,1,1,2,2,3,1,2,4298,5,0,19,3,6,1,2,2,0,2,3,0,4,3,1,2,1
52,0,1,2,2,0,2,1,2,4,0,3212,7,0,15,3,6,3,2,2,2,2,0,0,2,3,1,3,1
59,0,1,0,6,1,3,1,8,3,2,2267,8,0,17,3,7,2,2,2,2,0,3,1,2,3,1,2,1
31,0,2,2,3,1,3,3,7,3,1,13675,9,0,12,3,9,3,2,2,2,0,0,0,1,3,0,3,1
33,0,1,2,5,0,2,1,1,4,2,2911,1,0,13,3,2,2,2,0,2,2,4,0,4,2,1,0,2
38,0,1,2,23,1,3,2,4,4,1,5745,9,0,14,3,10,2,2,1,2,0,4,1,5,2,1,2,0
31,0,2,1,5,0,3,1,6,2,1,2789,1,0,11,3,2,5,2,2,2,0,3,0,0,2,0,0,0
31,0,1,0,2,1,2,2,8,1,2,6410,3,0,12,3,9,1,2,1,0,1,1,1,1,1,1,3,1
31,0,1,2,2,1,3,1,1,4,1,2695,0,1,18,3,3,2,2,2,2,1,4,0,2,3,1,1,2
30,0,0,1,25,0,3,2,0,3,2,4736,7,1,12,3,4,2,2,2,2,2,0,1,0,3,0,2,2
31,0,1,2,9,1,2,1,1,2,0,2657,0,1,16,3,3,5,2,2,2,2,1,0,5,2,1,0,2
36,0,1,2,2,0,3,1,1,3,2,2543,4,0,13,3,6,3,2,2,2,2,4,1,4,3,1,0,1
22,0,1,2,11,0,3,1,1,2,2,2244,1,0,13,3,2,1,2,1,2,3,1,1,4,2,1,1,1
25,1,1,2,3,1,3,1,2,1,2,4031,5,0,13,3,6,5,2,0,2,3,3,1,2,1,0,0,1
45,0,1,2,10,1,3,1,1,4,2,2654,3,0,21,4,8,3,2,0,2,2,2,0,2,2,1,2,0
34,1,2,1,6,0,1,1,6,3,1,2351,0,0,16,3,3,3,2,1,0,3,3,0,1,2,0,0,0
29,1,1,2,25,0,2,1,1,2,2,2546,5,0,16,3,6,2,2,1,1,1,0,0,4,3,1,3,0
42,0,2,2,5,1,3,1,2,3,2,2093,4,0,17,3,8,4,2,2,0,2,2,0,2,1,1,1,1
22,1,2,2,4,1,2,1,2,3,0,3894,5,0,16,3,4,3,2,1,2,2,0,1,2,1,0,1,1
46,0,2,2,18,0,3,3,4,3,2,10527,5,0,11,3,28,3,2,1,2,2,4,0,1,0,1,3,1
24,0,2,1,24,1,3,1,6,4,2,2400,0,0,13,3,3,3,2,2,1,3,4,1,2,3,0,2,0
44,0,1,0,1,0,2,2,8,3,0,5985,4,0,11,3,10,1,2,0,2,0,2,1,0,0,0,1,2
44,0,1,2,3,1,3,5,5,4,2,19513,4,1,12,3,26,2,2,0,1,2,2,1,2,2,0,0,0
22,0,1,2,6,1,3,1,1,3,2,2773,0,0,20,4,3,3,2,2,2,0,0,1,1,1,1,2,0
48,0,1,1,2,1,4,2,0,2,2,8120,3,0,12,3,12,3,2,2,2,2,1,1,4,1,0,2,2
24,1,1,1,3,0,3,2,0,3,0,4577,9,0,14,3,4,3,2,2,0,0,1,1,3,0,0,1,1
60,0,1,1,16,1,3,2,0,1,0,5405,8,0,14,3,10,1,2,2,2,3,3,0,1,1,1,3,0
50,0,1,1,8,1,3,1,6,2,2,3875,7,0,15,3,4,2,2,2,2,1,2,0,3,1,0,3,2
42,1,2,2,19,1,4,1,1,3,1,2759,6,1,12,3,7,2,2,2,2,2,2,1,4,0,1,3,0
43,0,2,1,15,1,2,2,0,4,2,6804,3,0,18,3,7,5,2,2,2,0,1,0,5,2,1,2,0
29,0,1,1,10,1,3,1,6,2,1,2297,1,0,14,3,2,2,2,2,2,1,2,0,5,2,0,2,0
53,0,1,2,6,1,3,2,2,4,0,2450,2,0,17,3,19,4,2,2,2,3,0,1,5,3,1,2,0
23,0,1,2,10,1,4,1,1,3,0,3505,1,0,18,3,2,3,2,0,2,2,4,1,2,0,0,0,1
26,0,2,2,1,0,1,1,2,4,1,4364,3,0,14,3,5,2,2,2,0,3,0,0,5,2,1,3,1
30,0,1,2,1,1,1,1,2,3,2,3833,3,0,21,4,7,2,2,0,2,0,2,1,0,2,1,0,0
35,0,1,2,1,0,4,1,1,3,0,2506,3,0,13,3,7,0,2,2,2,3,3,1,3,3,1,0,2
28,1,1,2,2,1,3,1,1,3,0,4382,6,0,17,3,5,3,2,2,1,3,4,0,0,2,0,2,1
22,0,1,2,1,1,2,2,3,4,2,4775,6,0,22,4,4,2,2,2,2,1,4,1,3,2,1,3,1
42,0,2,2,2,1,3,1,1,4,0,2515,5,1,14,3,8,2,2,2,2,0,1,0,1,3,0,0,1
38,0,1,1,9,1,2,1,6,2,2,2899,0,0,19,3,3,3,2,1,2,1,3,0,4,0,1,2,2
53,0,1,1,8,1,3,4,0,4,2,11836,5,0,14,3,28,3,2,2,2,1,2,0,3,0,1,0,0
20,1,1,1,2,0,2,1,6,3,0,2044,1,0,13,3,2,3,2,0,2,0,1,0,5,3,1,2,0
28,0,1,2,9,0,3,1,1,3,1,2377,5,0,18,3,6,2,2,2,2,1,0,0,1,0,0,2,0
39,1,1,2,6,1,3,1,2,1,2,2404,7,1,21,4,8,2,2,2,2,2,1,0,0,3,1,2,0
27,0,1,2,16,0,3,1,2,2,2,2811,9,0,14,3,4,2,2,2,2,1,2,0,5,2,1,3,2
38,0,2,2,10,1,3,1,1,3,2,2684,0,0,17,3,3,0,2,0,2,3,1,0,3,1,0,3,2
48,0,1,2,6,1,2,2,4,3,0,4240,2,0,13,3,19,0,2,2,2,0,1,0,2,3,0,2,0
41,0,1,2,7,0,3,2,3,3,0,5003,6,0,14,3,8,6,2,2,1,1,0,0,4,2,0,1,2
26,1,0,1,29,1,1,2,0,1,0,4969,8,0,18,3,7,6,2,2,2,1,0,1,5,0,1,3,1
33,0,0,1,8,0,2,1,6,4,0,2342,0,0,19,3,3,2,2,2,2,2,2,1,5,3,1,0,2
38,0,2,2,3,1,3,1,1,3,2,2821,3,0,16,3,8,2,2,2,2,0,2,0,4,1,0,0,0
46,0,1,2,1,1,3,5,7,4,1,19627,9,0,17,3,23,0,2,2,2,0,3,0,0,1,0,1,0
20,1,2,1,9,0,3,1,6,4,0,2323,1,1,14,3,2,3,2,0,2,3,2,0,1,2,0,0,2
33,1,1,2,25,1,2,1,1,2,0,2313,4,1,20,4,5,0,2,2,2,1,0,0,2,1,0,1,1
21,0,1,2,1,0,2,1,1,2,0,2070,1,1,11,3,2,6,2,2,2,0,1,0,4,2,1,0,1
31,0,2,1,20,1,4,1,6,4,2,2791,0,0,12,3,3,4,2,2,2,0,3,0,5,2,0,1,0
31,1,2,2,15,1,3,1,2,3,2,2610,1,0,12,3,2,5,2,2,2,1,0,0,3,3,0,3,0
35,0,2,2,4,1,2,1,2,4,2,2376,1,0,13,3,2,2,2,2,2,0,0,0,5,2,0,0,0
20,0,1,2,3,1,2,1,2,3,0,3033,1,0,12,3,2,2,2,1,2,1,1,0,1,0,0,2,1
50,0,2,2,2,0,3,4,5,1,2,17856,2,0,22,4,32,3,2,2,2,3,1,0,4,0,0,3,2
20,0,1,1,21,1,4,1,6,4,0,2678,1,0,17,3,2,2,2,2,2,1,1,0,1,1,1,0,1
32,0,2,2,13,0,2,1,2,2,2,2743,1,0,20,4,2,2,2,2,2,3,3,0,4,3,0,0,0
21,1,2,2,10,0,2,1,2,3,0,2625,1,0,20,4,2,2,2,2,2,3,4,1,1,0,0,2,0
28,0,2,2,2,1,2,1,2,4,2,3867,1,1,12,3,2,2,2,2,2,1,3,1,3,0,0,1,1
25,0,1,2,1,0,3,1,1,2,0,2096,1,0,18,3,2,3,2,2,1,3,3,0,2,2,1,0,0
58,0,1,2,23,1,3,1,1,3,1,2372,1,0,12,3,2,3,2,2,2,1,4,1,3,1,1,0,0
35,0,2,2,18,1,3,3,3,4,0,9362,2,0,11,3,10,2,2,2,2,2,3,0,3,3,1,0,2
31,1,2,2,2,1,3,1,2,4,2,3722,6,1,13,3,7,2,2,2,2,0,1,0,0,0,1,3,0
48,0,1,1,7,1,3,2,0,1,1,5486,4,0,11,3,15,3,2,2,2,1,2,1,4,3,1,2,0
34,1,1,0,9,0,3,1,8,3,2,2742,1,0,15,3,2,0,2,2,2,3,2,1,0,0,0,1,1
30,0,1,1,16,1,3,2,0,3,2,5301,8,0,15,3,4,2,2,2,2,1,0,1,2,3,1,3,0
44,0,2,2,2,1,3,3,3,3,0,10209,5,1,18,3,16,2,2,2,2,1,1,1,5,2,1,0,1
39,0,1,2,6,0,3,3,3,2,0,8376,4,0,18,3,9,3,2,2,2,0,4,1,0,3,1,1,0
40,0,0,2,8,1,3,2,4,4,1,4069,3,1,18,3,8,2,2,2,2,2,3,1,4,1,0,1,0
33,0,1,1,8,1,3,2,0,1,2,6392,2,0,13,3,8,6,2,2,2,0,0,1,4,1,0,2,0
34,0,1,2,1,1,3,2,1,4,2,5484,9,0,17,3,9,3,2,2,1,1,1,1,0,2,1,1,0
23,0,1,2,10,1,4,1,1,3,2,2073,2,0,16,3,4,2,2,2,2,1,4,1,0,2,0,0,0
21,0,1,2,5,1,3,1,1,4,0,3117,1,0,18,3,3,2,2,2,2,1,4,1,4,0,0,0,0
48,0,2,2,4,1,2,4,5,4,2,15202,2,0,25,4,23,3,2,2,2,2,4,0,0,1,0,2,0
35,1,1,1,15,1,1,2,0,4,1,5440,6,1,14,3,7,2,2,2,2,1,4,1,1,2,0,1,2
20,0,1,1,2,0,3,1,6,3,0,2783,1,0,19,3,2,3,2,2,2,0,0,1,1,1,0,3,2
49,0,1,2,16,0,3,1,2,1,1,2587,4,1,16,3,17,2,2,2,2,2,3,0,5,1,0,0,2
41,0,1,1,23,1,3,3,0,3,0,7082,3,1,16,3,21,2,2,0,2,0,3,0,0,2,1,3,1
20,0,1,1,9,1,3,1,6,1,0,2728,1,0,11,3,2,3,2,0,2,1,1,1,0,0,0,2,1
44,0,1,0,1,0,3,1,8,4,1,3195,4,1,18,3,8,2,2,2,2,0,3,0,4,3,1,0,0
36,1,1,1,13,1,2,2,0,1,1,6134,5,1,13,3,16,3,2,2,2,3,3,0,4,0,0,0,2
24,0,2,0,10,1,3,1,8,4,2,2145,0,0,14,3,3,2,2,2,1,1,4,1,2,3,0,2,0
29,1,1,1,9,0,1,1,6,2,0,2760,1,0,13,3,2,3,2,2,2,0,0,0,5,1,1,2,2
34,0,1,1,3,0,1,2,0,4,0,6029,5,0,12,3,6,3,2,2,2,2,0,0,1,1,0,0,0
51,0,1,2,3,0,3,3,5,3,2,13116,2,0,11,3,15,2,2,2,2,2,4,1,1,2,1,1,0
46,0,1,2,2,1,3,5,7,4,1,19328,7,1,17,3,24,3,2,2,2,3,2,0,3,0,0,0,1
46,0,0,1,26,1,2,2,0,2,0,7991,8,0,15,3,6,3,2,2,2,1,0,1,5,0,0,3,1
39,0,2,1,20,1,3,2,0,4,1,4127,2,0,18,3,7,6,2,2,2,3,0,0,2,1,0,3,1
58,0,2,2,15,1,3,4,7,3,2,15787,2,1,14,3,23,3,2,2,2,0,0,0,0,2,0,2,0
29,1,1,0,13,1,2,1,8,1,1,2335,4,1,15,3,4,3,2,2,0,0,3,0,3,0,1,3,0
47,0,1,2,9,0,3,1,2,3,0,2105,4,0,12,3,7,2,2,2,0,0,4,0,1,1,1,0,1
32,1,1,1,2,1,2,2,0,2,0,9907,7,1,12,3,7,3,2,2,2,2,4,1,5,3,0,0,2
39,0,1,2,19,1,3,2,1,4,1,3902,8,0,14,3,7,2,2,2,2,1,1,1,1,2,1,3,2
44,0,1,2,1,1,4,2,4,1,2,5033,2,0,15,3,10,5,2,2,2,3,3,0,0,2,0,2,0
31,0,1,2,4,0,4,1,2,3,1,3978,8,0,12,3,4,0,2,2,2,2,0,1,4,2,1,0,0
28,1,1,1,13,0,3,2,0,3,0,9854,3,1,11,3,6,0,2,2,2,0,3,1,4,2,1,2,2
53,1,1,1,24,1,3,3,0,1,0,10448,6,1,13,3,15,2,2,2,2,0,2,1,5,0,1,3,1
25,0,1,0,2,0,3,1,8,2,2,2187,4,0,14,3,6,3,2,1,2,1,1,1,3,0,0,2,2
25,0,1,2,2,1,3,1,2,3,1,3977,6,1,19,3,7,2,2,0,2,0,0,0,2,2,1,1,1
31,0,1,1,2,1,3,1,6,3,2,3067,0,0,19,3,3,1,2,1,2,0,3,0,0,2,0,0,0
35,0,1,2,11,1,3,1,2,3,2,2660,7,1,11,3,5,3,2,2,2,3,2,1,2,1,0,3,2
32,0,1,1,1,1,2,1,6,2,2,2269,0,0,14,3,3,2,2,2,2,1,2,0,3,2,0,2,2
21,0,1,1,5,1,3,1,6,1,0,2380,1,1,11,3,2,6,2,1,2,0,2,1,4,2,1,0,2
29,1,1,2,1,1,3,1,1,4,2,4787,9,1,14,3,4,3,2,2,2,3,1,1,0,0,1,0,2
40,0,1,2,2,1,2,1,1,3,0,2809,2,0,14,3,8,2,2,2,2,3,2,1,4,2,1,2,2
38,0,1,2,2,1,3,1,1,4,0,3944,5,1,11,3,6,3,3,1,2,2,3,1,3,1,1,1,2
50,1,1,1,3,1,2,1,6,3,2,2683,1,1,14,3,3,2,3,0,2,3,4,0,3,0,1,2,1
35,0,2,2,1,1,3,1,1,1,2,2194,4,0,13,3,5,2,3,1,2,1,3,0,2,3,1,0,0
24,0,1,1,3,0,3,2,0,3,2,4999,0,0,21,4,4,2,3,0,2,1,0,1,1,1,0,0,0
44,0,0,2,23,1,3,2,2,2,2,2042,4,0,12,3,17,3,3,1,2,1,0,0,5,0,1,1,0
37,1,1,0,6,1,3,1,8,1,1,2073,4,1,22,4,7,3,3,0,2,3,2,0,1,0,1,3,0
59,0,0,0,2,0,2,5,5,4,2,18844,9,0,21,4,30,3,3,2,2,0,0,1,4,2,0,3,2
43,0,2,2,28,0,4,1,1,3,0,4739,4,0,12,3,18,2,3,1,2,2,4,1,2,2,0,3,0
36,0,1,2,6,1,3,2,3,2,1,4941,6,0,20,4,7,0,3,0,1,1,4,1,0,2,0,1,0
38,0,1,2,3,0,3,2,1,3,0,4317,3,1,20,4,19,2,3,2,2,0,1,0,5,0,1,1,0
30,0,1,2,5,0,3,1,1,1,1,3204,5,0,14,3,8,3,3,2,2,0,0,1,0,2,0,2,0
33,0,1,2,2,1,3,1,1,4,0,2500,0,0,14,3,4,2,3,0,2,1,3,1,0,0,0,0,1
34,0,1,2,27,0,3,1,1,2,0,2311,2,0,15,3,9,3,3,1,2,3,1,1,5,3,0,3,0
50,0,1,2,1,1,2,1,2,3,2,3690,2,0,15,3,5,2,3,0,2,0,0,0,5,2,1,0,2
40,0,0,2,9,1,2,2,4,4,2,4876,9,0,14,3,5,5,3,0,2,0,1,1,3,1,1,1,0
33,0,1,2,4,0,2,1,1,2,2,2622,6,0,21,4,7,3,3,1,1,2,0,0,1,1,1,0,1
32,1,1,2,1,1,2,1,2,3,0,3730,0,1,14,3,4,2,3,1,2,3,2,1,0,1,1,1,0
39,0,1,2,1,0,3,1,2,3,1,2232,7,0,14,3,7,1,3,1,2,3,2,1,5,2,1,0,1
32,0,0,1,26,1,3,2,0,4,2,4465,0,0,18,3,4,2,3,2,2,2,1,1,3,1,0,3,2
37,0,1,2,1,0,2,1,1,1,2,3920,2,0,14,3,17,2,3,0,2,3,2,0,5,1,1,0,2
45,0,2,2,7,1,4,2,3,3,2,6434,4,0,17,3,9,1,3,0,2,2,0,1,1,3,0,1,0
42,0,1,2,17,0,4,2,1,1,0,6545,3,1,13,3,10,1,3,0,2,2,2,1,3,1,0,0,1
29,0,1,1,20,1,3,2,0,4,1,6931,2,0,14,3,10,2,3,0,2,1,2,1,4,2,1,0,1
21,0,1,2,3,1,2,1,1,3,0,3230,1,0,17,3,3,4,3,1,0,1,0,0,2,0,0,3,2
26,1,1,2,16,1,3,1,2,2,1,2373,2,1,13,3,5,2,3,0,2,0,1,1,2,2,1,2,1
49,0,2,2,10,0,3,5,7,1,0,18665,9,1,11,3,22,4,3,1,2,1,0,0,3,2,0,2,0
28,1,1,2,2,1,1,1,1,4,2,3464,5,1,13,3,5,4,3,2,2,0,1,1,2,3,1,0,0
47,0,1,2,5,1,3,5,7,3,2,18300,4,0,11,3,21,2,3,1,1,0,3,0,1,2,0,2,0
29,0,1,2,9,1,2,1,2,4,0,3983,0,0,17,3,4,2,3,2,2,3,0,0,1,0,1,1,2
42,0,1,0,2,1,3,1,8,3,1,2696,0,1,11,3,4,5,3,1,0,1,3,1,4,2,0,1,1
21,1,2,1,1,0,2,1,6,2,0,2174,1,1,11,3,3,3,3,1,2,3,2,0,3,1,0,1,2
57,0,1,2,1,1,3,2,4,3,2,6755,2,0,11,3,15,2,3,1,2,1,3,0,4,1,1,1,1
21,0,0,1,9,1,3,1,6,4,0,2610,1,0,24,4,3,3,3,2,2,1,0,1,3,2,0,3,1
29,0,1,2,23,1,3,1,1,4,0,2201,9,0,16,3,6,4,3,1,2,2,0,0,3,0,1,0,0
34,0,0,1,4,0,3,2,0,3,2,6538,9,0,15,3,6,3,3,1,2,3,3,1,4,2,1,1,1
43,0,2,2,21,1,3,1,2,4,2,2258,7,0,20,4,8,1,3,1,2,2,0,0,3,1,0,3,1
26,0,1,2,23,0,3,1,1,4,1,2886,1,0,22,4,3,3,3,0,2,3,1,1,2,2,0,0,1
46,0,1,2,2,1,3,4,7,3,2,17861,6,0,13,3,26,2,3,0,1,2,4,0,2,0,0,0,1
46,0,1,1,10,0,2,3,0,4,2,9071,2,1,19,3,15,3,3,1,2,0,3,0,0,1,1,2,1
30,0,1,1,7,1,3,1,6,2,0,2983,0,0,14,3,4,3,3,1,2,2,0,1,2,0,0,2,1
34,1,2,0,23,0,3,3,8,1,1,9950,9,1,15,3,11,2,3,0,2,3,3,0,0,2,0,3,0
29,0,1,2,19,1,3,2,3,4,1,4262,4,0,12,3,8,2,3,1,2,1,0,1,2,3,0,1,1
31,1,1,1,13,1,3,2,0,1,1,4233,2,0,17,3,9,2,3,1,2,0,0,0,4,2,0,0,1
35,0,1,2,25,1,2,2,2,4,0,3681,4,0,14,3,9,3,3,0,2,2,0,1,2,1,0,1,2
37,0,1,1,2,1,3,2,0,3,2,9602,4,1,11,3,17,3,3,1,0,0,2,1,4,0,1,3,0
48,0,1,2,1,0,2,4,5,1,2,15402,7,0,11,3,21,3,3,0,2,0,3,0,4,1,1,0,2
21,0,1,1,22,1,3,1,6,3,0,3447,1,0,11,3,3,2,3,1,2,0,2,0,4,0,1,0,1
26,0,1,2,6,0,3,1,2,4,2,2659,1,1,13,3,3,2,3,0,2,3,4,1,5,2,0,3,0
36,0,1,2,9,1,2,2,3,2,1,8847,2,1,11,3,13,2,3,0,2,1,4,1,5,2,0,2,0
23,0,1,2,4,1,4,1,1,1,2,2819,2,0,16,3,5,3,3,0,2,3,2,1,5,1,0,2,2
25,0,1,1,8,1,4,2,0,2,2,4851,0,0,22,4,4,4,3,1,2,0,4,0,1,0,0,3,0
35,0,1,1,8,0,3,1,6,4,2,2572,1,0,16,3,3,1,3,0,2,2,4,0,1,1,1,3,2
34,0,1,1,8,0,3,2,0,1,2,6500,5,0,17,3,6,1,3,1,2,2,2,1,3,2,1,0,2
33,1,1,1,16,0,3,2,0,1,0,5324,5,0,15,3,6,3,3,0,2,2,3,1,1,3,0,3,1
34,0,1,0,3,1,3,1,8,4,2,3737,0,0,19,3,4,1,3,0,2,2,1,0,0,1,0,1,0
44,0,1,2,8,1,4,1,2,4,2,2818,2,1,24,4,10,2,3,0,2,0,3,0,4,2,0,0,0
32,0,0,2,1,1,3,1,2,4,1,2314,0,0,12,3,4,2,3,0,2,3,3,1,1,2,1,3,0
29,1,1,1,1,0,2,1,6,3,1,2800,6,1,19,3,5,3,3,0,2,3,3,1,1,2,0,3,0
47,0,1,1,2,0,2,1,6,4,0,3294,1,1,18,3,3,3,3,1,2,2,4,0,0,2,1,3,2
22,1,1,2,3,0,3,2,3,3,2,4171,0,1,19,3,4,3,3,0,2,2,0,1,5,2,0,0,1
33,0,1,2,1,1,2,1,1,1,0,2799,3,1,11,3,6,1,3,0,2,3,2,1,4,3,1,0,2
32,0,0,2,1,0,2,1,2,2,2,2332,6,0,20,4,5,3,3,0,2,2,1,0,3,3,1,0,2
29,0,2,1,20,0,3,1,6,4,2,2157,1,0,15,3,3,5,3,0,2,3,1,0,3,1,1,0,2
31,1,0,2,9,1,2,1,1,1,0,2321,0,1,22,4,4,0,3,1,2,3,0,1,1,1,1,0,0
33,0,1,2,13,0,3,1,1,4,0,3452,3,0,18,3,5,4,3,0,2,2,2,1,5,2,0,3,0
30,1,2,2,5,0,3,1,2,2,0,2422,0,0,17,3,4,3,3,1,2,2,0,1,1,1,1,2,2
27,0,1,2,2,0,3,2,3,4,2,4227,0,0,18,3,4,2,3,2,2,1,2,1,5,2,0,3,0
35,0,1,2,10,1,3,1,2,4,1,3917,1,0,20,4,3,4,3,1,2,3,4,0,2,0,1,3,2
26,1,2,2,2,1,3,1,1,1,2,2042,6,1,14,3,6,2,3,1,2,0,1,1,5,3,1,2,1
27,0,0,2,8,1,1,1,2,3,2,4621,1,0,19,3,3,4,3,1,2,0,4,0,0,0,0,3,0
55,0,2,2,2,1,3,3,3,2,2,10976,3,0,18,3,23,4,3,1,2,2,3,1,1,3,1,0,1
33,0,1,2,5,1,2,3,4,4,1,7119,4,0,15,3,9,2,3,1,2,2,2,0,4,0,1,1,0
33,0,2,1,7,0,3,2,0,2,2,4302,0,0,17,3,4,3,3,0,2,2,4,1,5,2,0,3,2
34,0,2,2,2,1,3,2,3,3,0,4033,2,0,11,3,5,3,3,0,2,0,4,1,4,1,0,3,1
28,0,2,2,6,1,2,1,1,3,1,2703,1,1,14,3,3,2,3,0,2,2,2,0,4,3,0,0,2
45,0,1,2,7,0,3,1,1,3,2,4477,4,1,19,3,7,2,3,0,2,2,1,1,0,1,1,3,0
29,0,1,2,1,0,3,1,1,4,1,3760,1,0,15,3,3,5,3,1,2,3,4,0,0,2,1,1,1
34,0,1,1,2,0,3,2,0,1,0,4538,0,1,12,3,4,3,3,0,2,2,0,1,1,3,0,2,0
35,0,1,2,6,1,3,1,1,3,2,3506,0,1,14,3,4,3,3,2,2,2,2,0,0,2,0,0,0
28,0,1,2,1,1,3,1,1,1,0,2080,2,0,11,3,5,2,3,1,2,2,3,1,3,1,1,2,2
50,0,1,2,28,0,3,4,7,1,2,16880,4,1,11,3,25,2,3,1,2,0,3,1,0,1,1,3,2
31,1,2,1,1,0,3,1,6,2,0,2302,1,1,11,3,3,2,3,2,2,0,0,1,4,3,0,0,2
44,1,1,2,3,1,3,1,2,1,2,2362,4,0,12,3,10,4,3,1,2,2,0,1,1,1,1,2,0
25,0,1,2,19,1,3,1,2,4,2,3669,3,0,11,3,7,6,3,1,2,2,1,1,3,0,0,2,0
32,0,1,1,2,1,3,2,0,2,2,4078,0,1,13,3,4,3,3,1,2,3,2,0,2,3,0,1,1
25,0,1,1,18,1,4,2,0,3,2,6232,2,0,11,3,6,3,3,1,2,3,1,0,0,0,1,3,0
37,0,1,2,11,0,3,1,2,3,0,3629,4,0,18,3,8,6,3,0,2,0,1,1,5,2,1,2,0
25,0,1,2,1,1,3,1,2,4,2,3229,4,0,11,3,7,2,3,0,2,2,2,0,1,3,0,3,0
30,0,1,1,7,0,3,2,0,1,1,4779,7,0,14,3,8,3,3,0,2,0,1,1,4,2,0,0,2
31,0,1,2,8,0,3,4,7,2,0,16422,3,0,11,3,9,3,3,1,0,0,3,1,5,3,1,0,2
36,0,1,1,16,0,2,2,0,1,2,5647,4,0,13,3,11,3,3,0,2,3,3,0,2,2,1,0,0
25,1,1,1,9,1,2,1,6,1,2,4400,3,0,12,3,6,2,3,2,2,0,4,0,0,2,1,3,2
56,0,1,2,1,0,3,1,1,1,2,2066,2,0,22,4,5,3,3,1,0,2,2,0,2,3,0,2,2
31,0,1,0,8,0,4,1,8,2,0,2109,9,0,18,3,8,3,3,0,2,1,3,0,5,3,1,3,2
45,0,1,2,29,1,3,3,3,4,2,9380,4,1,18,3,10,4,3,1,2,0,2,0,5,1,0,1,0
49,0,1,2,5,1,3,2,4,3,2,6651,2,0,14,3,20,0,3,1,2,0,1,0,4,0,1,1,0
40,0,1,2,2,1,3,1,1,3,1,2345,2,0,14,3,8,3,3,1,2,3,2,0,4,1,0,0,0
28,1,2,1,1,1,3,1,6,3,2,2909,3,0,15,3,5,3,3,1,2,3,4,1,1,0,0,0,2
55,0,1,2,4,1,3,2,4,3,2,4035,0,1,16,3,4,2,3,1,2,0,2,0,0,2,0,2,1
49,0,1,2,3,0,2,2,2,1,2,4789,4,0,25,4,10,3,3,1,2,0,4,1,3,2,1,0,2
29,0,2,2,2,0,3,1,2,2,2,3180,0,0,13,3,4,3,3,0,2,0,1,1,2,2,0,0,1
36,0,1,1,2,1,3,1,6,4,0,2644,3,1,21,4,7,3,3,1,2,0,4,1,5,0,1,2,0
35,0,1,2,1,1,2,1,2,1,0,2450,1,0,19,3,3,3,3,1,2,1,4,0,3,3,1,0,2
38,0,1,1,16,0,3,2,0,2,0,4198,2,0,12,3,8,5,3,1,2,0,3,0,5,1,0,1,0
36,0,2,2,6,1,4,2,2,1,2,5562,3,1,13,3,9,3,3,0,2,1,4,0,0,3,1,1,2
32,0,1,2,5,0,4,1,1,4,2,3312,3,0,17,3,6,3,3,0,2,1,3,1,1,3,1,0,2
36,0,1,2,12,0,3,2,3,3,2,4663,9,1,12,3,7,2,3,1,1,2,3,0,3,1,1,2,2
27,0,1,2,8,0,4,1,1,3,2,3517,7,0,17,3,5,0,3,0,2,3,2,0,3,1,1,1,0
36,0,1,2,5,0,3,3,4,1,2,8008,4,0,12,3,9,6,3,0,2,1,4,1,2,3,1,2,1
36,0,0,2,1,0,2,2,3,3,2,4374,0,0,15,3,4,6,3,1,2,0,0,0,0,0,0,2,2
47,0,1,1,2,0,4,4,5,2,1,15972,6,0,14,3,29,2,3,1,2,1,1,0,3,1,1,2,0
36,0,1,2,26,1,3,2,4,3,2,5347,6,0,14,3,10,2,3,0,2,0,4,0,0,0,1,1,1
23,1,1,1,7,1,3,1,6,4,1,2275,1,1,21,4,3,2,3,0,2,1,4,0,5,3,0,3,0
26,0,1,2,17,1,1,1,2,3,2,2305,1,0,15,3,3,3,3,0,2,2,2,0,1,2,0,1,1
41,0,0,0,4,1,1,2,8,2,2,6430,6,0,19,3,10,4,3,1,2,0,4,0,1,1,1,2,2
23,0,1,2,4,0,3,1,2,2,0,3295,1,0,13,3,3,3,3,1,2,3,4,0,1,2,0,1,2
29,0,2,2,1,1,4,2,4,3,0,6294,8,1,12,3,10,5,3,0,2,3,1,1,4,2,0,0,1
53,0,0,2,1,0,2,4,3,3,2,12965,4,1,20,4,27,2,3,0,2,2,4,1,5,1,0,3,1
43,0,0,2,9,1,3,1,1,3,0,2438,4,0,13,3,7,2,3,1,2,3,3,1,5,2,1,0,2
41,0,1,2,5,1,4,2,4,2,0,6870,3,0,12,3,11,3,3,1,2,3,0,0,3,2,1,1,2
31,0,2,1,7,0,3,3,0,1,2,9637,2,0,14,3,9,3,3,2,2,2,0,1,1,2,1,3,0
28,0,1,2,1,0,3,1,1,1,2,3591,1,0,25,4,3,3,3,1,2,1,1,1,2,2,1,1,2
28,0,0,0,1,1,3,1,8,4,1,2706,1,0,15,3,3,2,3,2,2,2,3,1,2,0,1,0,2
29,0,1,2,7,1,3,1,2,1,0,2062,3,0,14,3,11,2,3,1,2,3,3,0,5,0,1,1,0
35,0,1,2,16,0,2,2,3,2,2,4788,0,1,11,3,4,2,3,0,2,1,0,1,0,1,1,3,1
39,0,0,1,21,0,1,2,0,3,2,5736,6,0,19,3,10,1,3,1,2,3,2,1,5,0,0,2,1
22,0,1,2,1,1,3,1,1,3,0,3375,0,0,12,3,4,2,3,1,2,0,1,0,0,1,0,0,1
50,1,1,1,28,1,2,3,0,1,1,10854,4,1,13,3,20,3,3,2,0,1,4,1,3,2,1,1,1
28,1,1,2,24,1,2,1,2,3,0,2028,5,1,14,3,6,4,4,0,3,1,0,0,2,0,0,3,0
24,0,0,2,11,0,4,2,3,3,1,4011,0,0,18,3,5,5,4,1,3,1,3,0,3,1,1,2,0
34,1,1,2,6,1,3,1,1,1,0,2960,2,0,11,3,8,2,4,1,3,2,0,0,1,1,1,0,0
44,0,1,2,10,1,3,2,4,4,2,6465,2,1,13,3,9,5,4,1,3,0,3,1,5,3,1,1,2
44,0,1,1,1,0,3,2,0,1,1,5454,5,1,21,4,9,2,4,1,3,0,1,1,5,3,1,2,0
35,0,0,2,11,1,2,3,4,1,2,9884,2,1,13,3,10,3,4,2,3,2,1,1,1,1,1,0,2
59,0,2,1,1,0,2,2,0,3,0,5473,7,0,11,3,20,2,4,1,3,2,4,0,1,0,1,2,2
46,0,1,0,5,1,3,2,8,2,1,5021,8,1,22,4,16,2,4,0,2,1,3,0,2,3,0,2,0
51,0,1,2,9,1,3,1,2,4,2,2075,3,0,23,4,10,4,4,0,3,2,2,1,4,0,1,3,1
54,0,1,2,2,0,3,3,7,3,2,13549,9,0,12,3,16,5,4,0,3,1,3,0,4,0,0,1,0
51,1,2,2,8,1,1,3,3,4,0,10650,2,0,15,3,18,2,4,0,3,1,1,0,1,2,1,1,1
34,0,2,1,2,0,3,1,6,3,2,2231,6,0,18,3,6,3,4,1,2,3,1,1,3,0,0,2,0
31,0,1,2,12,0,3,1,1,4,2,3929,8,1,23,4,7,0,4,0,2,2,3,1,0,3,1,0,0
41,1,1,1,20,0,3,1,6,2,0,3140,1,1,22,4,4,5,4,0,2,2,4,0,3,0,1,0,0
53,0,1,2,13,0,4,2,3,1,1,4450,1,0,11,3,5,3,4,1,3,0,0,1,1,2,0,2,1
22,0,1,2,5,1,4,1,1,2,1,2328,1,1,16,3,4,2,4,2,2,1,2,0,4,2,0,3,0
46,0,1,2,1,1,3,3,4,1,1,9396,7,0,16,3,17,3,4,0,3,0,1,1,4,3,0,1,1
29,1,1,2,18,1,2,1,1,4,0,2389,1,1,13,3,4,3,4,0,1,3,1,1,4,2,1,1,1
32,0,1,1,4,0,3,1,6,2,2,3931,2,0,11,3,6,5,4,1,2,2,2,0,2,1,0,0,0
25,0,1,2,1,0,3,2,3,3,2,4898,0,0,12,3,5,3,4,1,2,1,3,1,4,2,1,3,2
37,0,2,2,9,1,3,1,1,4,2,2326,1,1,12,3,4,3,4,1,2,0,3,0,0,1,1,0,0
51,0,1,2,2,1,1,2,3,2,1,5482,5,0,18,3,13,3,4,1,2,0,0,1,2,3,0,0,1
27,0,1,2,5,0,3,1,1,2,0,2478,1,1,12,3,4,2,4,1,2,2,4,0,0,1,0,1,1
54,0,2,2,20,0,3,2,1,3,0,4869,3,0,12,3,20,4,4,0,3,3,4,0,2,1,0,1,1
40,0,1,1,1,1,1,2,0,4,2,7457,2,1,22,4,6,2,4,0,2,2,2,0,0,3,1,1,1
23,0,1,2,26,1,3,1,1,4,1,2904,1,0,12,3,4,2,4,0,2,1,0,1,0,2,1,1,0
29,0,0,1,2,1,3,2,0,3,2,4649,1,0,14,3,4,3,4,0,2,2,0,0,2,3,0,3,0
50,0,1,2,10,1,2,3,4,4,0,10496,6,0,15,3,20,2,4,1,3,1,0,0,2,1,1,2,1
54,0,1,2,5,1,3,5,7,1,2,19406,4,0,11,3,24,4,4,1,2,2,0,0,0,3,1,0,2
31,0,1,2,1,1,2,1,2,1,2,2218,1,0,12,3,4,3,4,3,2,1,2,1,0,1,0,3,0
33,1,1,2,10,1,1,1,2,4,1,3408,7,0,13,3,8,2,4,1,3,0,4,0,2,2,0,2,2
32,1,0,1,11,1,4,2,0,3,2,4707,8,0,12,3,6,2,4,1,2,2,4,0,0,1,0,2,0
27,1,1,1,2,1,3,1,6,1,1,3041,0,0,11,3,5,3,4,0,2,0,0,1,0,2,0,3,2
27,0,1,2,3,1,2,1,1,4,0,2045,0,0,13,3,5,0,4,1,1,0,2,0,0,2,0,0,0
50,1,2,1,8,1,3,2,0,3,2,6796,3,1,14,3,18,4,4,1,3,0,4,1,3,1,0,0,0
23,0,1,2,9,1,3,1,2,1,2,2500,1,0,14,3,5,2,4,0,2,0,3,1,3,0,1,3,2
40,0,1,2,2,0,2,1,1,4,0,2342,0,1,20,4,5,2,4,2,3,2,0,0,3,3,0,1,2
52,0,0,2,19,1,3,1,1,4,2,4258,0,0,18,3,5,3,4,1,2,1,3,0,0,1,0,0,0
26,1,1,1,8,1,2,2,0,1,0,5326,6,0,17,3,6,2,4,1,2,0,0,0,0,1,1,0,2
34,0,1,2,1,0,4,1,1,4,0,3280,2,0,16,3,10,2,4,1,3,2,0,0,1,2,1,2,1
27,0,2,1,8,1,3,2,0,4,2,4342,0,0,19,3,5,3,4,1,1,0,3,1,4,2,1,0,2
50,0,1,2,2,1,3,4,7,3,2,17639,5,0,16,3,30,3,4,0,3,2,1,1,1,3,1,3,2
42,0,1,2,1,0,2,2,3,4,2,6062,9,1,13,3,8,4,4,0,2,1,3,0,0,0,0,1,0
38,0,2,2,12,1,2,2,4,1,1,6288,2,0,15,3,13,3,4,1,2,2,0,1,1,3,1,0,1
43,0,1,2,14,1,3,4,7,1,2,17159,6,0,24,4,22,3,4,1,0,2,0,0,5,2,0,0,1
25,0,1,2,2,1,4,1,1,1,0,3424,7,0,13,3,6,3,4,0,1,1,0,0,5,1,1,1,0
49,0,1,2,1,0,3,1,1,1,2,3580,2,0,16,3,7,2,4,0,2,1,2,1,3,1,1,0,1
33,0,1,0,3,1,3,1,8,2,1,2277,3,1,11,3,7,4,4,0,3,1,0,0,4,0,1,0,2
29,0,1,2,7,0,2,1,2,4,1,2532,6,0,14,3,8,5,4,0,3,3,4,1,5,3,1,2,1
28,0,1,1,5,1,3,2,0,4,0,4908,1,0,14,3,4,3,4,0,2,2,1,1,5,2,0,3,2
24,0,1,2,17,0,2,2,3,3,1,4377,1,0,15,3,5,6,4,3,2,1,0,1,5,1,1,2,2
35,1,1,2,14,1,2,1,2,2,1,3743,1,1,24,4,5,2,4,0,2,2,2,1,5,1,1,2,1
31,0,2,2,1,0,3,2,3,1,2,4148,1,0,12,3,4,1,4,0,3,2,4,1,4,2,0,3,0
22,0,1,2,8,1,1,1,2,1,2,2451,1,0,15,3,4,3,4,1,1,2,4,0,3,3,0,3,2
37,0,1,2,3,0,3,2,4,2,0,4107,3,0,15,3,8,3,4,0,1,0,1,0,1,3,0,0,0
28,0,1,2,15,1,3,1,2,3,1,2207,1,0,16,3,4,5,4,2,2,3,1,1,0,2,1,1,2
27,0,1,2,6,1,2,1,1,3,2,2539,1,0,13,3,4,0,4,2,2,2,4,1,1,3,0,1,0
24,0,1,2,24,1,3,1,2,2,0,3597,8,0,22,4,6,2,4,1,2,0,0,1,2,1,0,1,2
43,1,1,1,9,0,1,2,0,3,0,5346,8,0,13,3,7,2,4,1,3,3,4,1,5,0,1,0,2
30,0,1,1,29,1,3,2,0,1,1,4115,8,0,19,3,8,3,4,0,3,3,2,0,2,1,0,1,1
46,0,1,2,15,1,3,5,7,2,2,19081,5,0,11,3,25,2,4,0,3,1,2,0,1,2,1,0,2
42,0,0,0,2,1,4,2,8,1,2,6272,7,0,16,3,10,3,4,0,3,3,2,1,4,3,0,3,2
25,0,1,1,10,1,3,2,0,4,0,4950,0,0,14,3,5,4,4,1,1,1,4,1,3,3,0,1,2
28,0,2,2,1,1,3,1,2,3,0,2154,0,1,11,3,5,2,4,0,2,3,3,0,2,3,0,2,1
40,0,0,2,16,1,3,1,1,3,1,3544,9,0,16,3,6,0,4,0,0,0,3,0,5,1,0,1,2
40,0,1,2,1,1,3,1,2,2,2,2387,3,0,22,4,7,3,4,0,3,2,1,1,5,3,0,3,2
35,1,2,1,18,0,3,2,0,3,2,4614,0,1,18,3,5,0,4,3,2,3,0,1,4,2,1,0,0
38,0,2,2,7,1,4,1,1,3,1,2610,1,0,11,3,4,2,4,0,3,1,1,0,4,3,1,2,0
51,0,2,1,2,1,3,3,0,2,2,10596,2,0,11,3,14,5,4,3,2,0,2,1,0,1,0,0,2
26,0,1,2,2,1,2,1,1,4,0,3904,0,0,12,3,5,2,4,1,1,3,3,0,4,3,0,2,2
49,1,2,2,28,1,2,2,2,1,0,4284,3,0,20,4,20,2,4,1,3,1,4,1,1,3,1,0,0
34,0,2,2,1,1,3,1,1,1,1,2996,5,0,14,3,10,2,4,1,3,3,2,0,0,3,0,2,1
32,0,1,1,7,1,3,2,0,4,2,9204,4,0,12,3,7,3,4,0,3,3,2,1,3,2,1,3,1
41,0,1,2,5,1,4,1,1,3,2,2127,2,1,12,3,7,5,4,0,3,3,0,1,2,2,0,3,1
33,0,2,1,7,1,3,2,0,1,2,4373,0,0,14,3,5,2,4,0,3,3,1,0,3,2,1,2,2
28,0,2,1,7,1,3,2,0,1,0,4898,0,0,14,3,5,5,4,1,3,3,0,0,2,1,1,1,1
23,0,1,2,20,1,3,2,2,3,0,2272,0,0,14,3,5,2,4,1,2,0,0,0,1,2,0,0,2
30,0,1,1,29,1,3,3,0,2,2,9250,3,0,12,3,9,3,4,1,3,3,3,0,1,0,0,2,0
22,0,0,2,26,0,2,1,1,3,2,2814,1,1,14,3,4,2,4,1,3,0,2,0,4,2,0,1,2
37,0,1,2,19,1,3,2,3,3,2,5768,3,0,17,3,9,2,4,0,2,0,0,1,1,1,0,3,0
40,0,1,2,16,0,3,3,3,4,0,7945,6,1,15,3,18,2,4,3,3,0,3,0,0,3,0,3,1
27,0,2,2,2,1,3,1,1,4,0,2580,2,0,13,3,6,0,4,1,2,0,4,1,2,3,1,0,2
40,1,1,2,7,1,3,1,2,1,0,2166,3,1,14,3,10,3,4,0,3,2,2,0,1,1,0,2,0
49,0,1,2,22,0,3,4,7,2,2,16413,3,0,16,3,27,2,4,1,2,1,0,1,0,0,0,2,1
36,0,1,2,7,1,3,1,2,2,0,2013,2,0,11,3,15,4,4,1,3,3,3,0,4,0,1,0,1
38,0,2,2,2,0,2,1,2,2,0,2440,1,0,22,4,4,3,4,3,3,1,2,0,5,1,0,3,1
53,0,1,2,24,1,4,3,4,4,2,7005,3,0,15,3,11,2,4,1,2,3,4,1,5,3,1,3,0
55,0,1,2,22,1,2,1,1,2,1,3537,5,0,12,3,8,1,4,1,2,2,4,0,5,1,1,0,1
32,0,1,1,19,1,1,3,0,3,2,9610,3,0,13,3,10,2,4,0,2,2,0,0,5,3,0,1,1
30,1,2,0,8,0,2,1,8,4,1,2180,6,0,11,3,6,0,4,1,2,1,0,0,4,1,1,2,1
39,0,1,2,10,1,3,3,7,3,0,13464,7,0,21,4,9,3,4,2,2,2,0,0,3,2,1,3,2
40,0,1,2,2,0,3,1,2,1,2,3377,4,0,17,3,7,5,4,0,2,2,4,1,2,1,0,3,0
38,0,1,1,2,0,1,2,6,4,2,5405,2,1,20,4,20,4,4,0,3,2,3,1,5,3,1,1,0
56,1,1,2,24,1,3,1,2,4,0,2587,1,0,16,3,5,3,4,1,0,1,1,0,1,3,1,1,2
36,0,1,1,17,1,2,2,0,2,2,5507,2,0,16,3,12,1,4,1,3,2,1,0,0,0,1,0,1
34,0,1,1,3,0,2,2,0,4,2,8103,3,1,12,3,9,3,4,0,1,2,0,1,1,2,1,2,2
45,0,2,2,1,1,3,2,4,3,0,5399,4,0,12,3,12,3,4,0,3,0,1,0,3,2,0,2,2
32,1,2,2,5,0,4,1,1,3,0,2432,3,1,14,3,8,2,4,0,3,0,2,1,4,1,1,3,2
31,0,0,2,3,1,3,1,1,1,1,3065,1,1,13,3,4,3,4,2,3,1,0,1,1,0,1,1,0
28,1,1,2,17,1,2,1,2,4,1,2367,5,0,12,3,6,2,4,0,3,2,3,0,0,2,0,0,2
54,0,1,2,9,0,3,2,1,3,2,2897,3,0,11,3,9,6,4,2,3,2,0,0,5,1,1,3,1
24,0,1,2,1,1,2,2,4,3,0,4617,1,0,12,3,4,2,4,1,2,1,0,0,0,1,0,2,2
42,0,1,2,18,1,3,2,1,1,1,5410,6,1,17,3,9,3,4,1,2,3,2,0,3,0,1,3,0
44,0,1,2,1,1,3,1,1,4,0,2436,6,1,12,3,6,2,4,1,2,2,1,0,2,2,0,2,0
36,0,2,2,4,0,3,2,3,2,1,5131,7,0,13,3,18,3,4,0,2,0,2,1,3,1,0,2,2
32,0,1,2,2,1,3,1,1,1,0,2439,1,0,14,3,4,4,4,1,2,0,4,1,4,2,1,3,2
35,0,1,2,1,0,1,1,1,4,2,2977,1,0,12,3,4,5,4,1,1,1,3,0,4,0,1,0,2
29,0,1,2,13,1,2,2,2,2,2,4025,4,1,13,3,10,2,4,0,3,0,3,1,5,2,0,3,0
26,0,1,1,5,0,2,1,6,3,0,2966,0,0,18,3,5,2,4,0,0,3,2,0,4,2,1,0,0
34,0,1,2,8,1,4,2,2,3,2,4404,2,0,12,3,6,3,4,1,2,1,3,1,5,3,0,2,2
35,0,1,2,16,1,4,1,2,2,2,2426,0,0,13,3,6,5,5,0,3,3,0,1,1,3,1,3,1
31,0,1,2,26,1,3,1,1,3,1,2911,1,0,17,3,5,1,5,4,3,3,1,0,3,2,1,2,1
36,1,1,1,9,1,2,1,6,1,0,3407,7,0,23,4,10,4,5,0,3,3,0,0,3,2,0,0,1
43,0,1,2,2,0,4,1,1,3,1,2645,1,0,12,3,6,3,5,1,4,0,0,1,0,0,1,2,0
33,0,2,1,1,0,4,2,0,1,2,5376,2,0,19,3,10,3,5,1,3,1,4,0,4,3,0,0,0
55,0,1,2,8,0,3,4,5,3,1,14756,2,1,14,3,21,2,5,0,2,3,1,0,5,3,0,1,0
29,0,1,2,2,1,3,1,1,2,2,2703,0,0,23,4,6,3,5,0,4,1,3,1,0,3,1,2,2
37,0,1,2,7,1,3,3,7,3,0,13664,4,0,13,3,16,3,5,0,2,1,3,0,3,0,1,0,1
34,0,1,2,1,1,3,2,3,2,2,4325,1,0,15,3,5,2,5,1,3,1,2,1,1,1,0,1,2
28,0,0,1,4,1,3,2,0,3,2,4221,1,0,15,3,5,3,5,0,4,3,0,1,2,1,0,1,2
54,0,0,0,26,0,4,4,5,4,0,17328,2,1,12,3,23,3,5,4,4,3,1,1,1,3,0,1,2
24,0,1,2,18,1,3,1,2,3,2,2774,0,0,12,3,6,2,5,1,2,2,2,1,3,0,1,0,1
37,0,1,1,3,1,3,3,0,4,0,7428,2,0,12,3,12,3,5,1,3,3,2,0,5,3,0,1,2
56,1,1,2,14,0,3,1,1,2,2,4963,9,1,18,3,7,2,5,4,3,1,1,0,0,3,1,1,1
26,0,1,2,6,0,2,1,1,2,2,2368,1,0,19,3,5,3,5,4,3,1,0,0,0,3,1,3,1
32,1,1,2,9,0,3,1,2,1,0,4200,7,0,22,4,10,2,5,0,4,0,2,0,5,1,1,2,1
30,0,1,2,18,0,3,1,1,3,0,2632,1,0,14,3,5,4,5,0,4,0,3,1,1,3,0,1,0
30,0,1,2,2,1,2,1,2,4,0,2720,0,0,13,3,6,3,5,1,2,3,4,0,1,1,1,1,1
41,0,1,2,9,1,3,1,2,1,2,2238,2,0,21,4,7,2,5,1,4,2,2,0,1,2,0,0,2
28,0,1,2,21,1,3,1,1,4,2,2713,1,0,11,3,5,2,5,0,2,2,2,0,2,0,0,1,0
57,0,1,2,24,1,4,3,4,4,1,9439,3,1,16,3,12,2,5,1,4,0,2,0,4,2,1,3,0
50,0,1,2,11,0,3,5,5,2,0,19926,3,0,15,3,21,5,5,4,4,1,3,1,2,1,1,3,2
32,0,1,2,6,1,3,1,1,3,0,3038,3,0,20,4,8,2,5,1,4,3,4,1,4,1,0,3,2
27,0,1,2,17,1,3,1,1,2,2,3058,0,1,16,3,6,3,5,1,1,0,3,0,3,2,0,2,1
45,0,1,1,4,0,3,2,0,1,1,5006,4,1,11,3,9,3,5,0,3,3,2,0,2,3,0,1,1
43,0,0,2,7,1,4,1,1,4,1,2089,4,0,14,3,7,3,5,2,2,0,4,0,3,3,0,0,0
42,0,0,2,21,0,3,2,3,3,1,5265,2,0,16,3,11,5,5,0,2,0,4,0,2,0,0,2,1
34,0,2,2,10,1,3,1,1,3,1,3815,1,1,17,3,5,4,5,2,0,3,1,1,0,2,1,1,1
30,1,1,2,3,0,3,1,1,1,0,2657,5,1,11,3,8,5,5,0,4,1,3,1,4,0,0,2,1
31,0,0,2,1,1,1,2,3,3,2,4345,0,0,12,3,6,2,5,1,4,2,4,0,5,1,0,3,2
33,1,1,2,14,1,3,1,2,4,2,2436,5,1,13,3,8,2,5,0,4,3,1,0,1,1,1,3,1
31,1,2,2,29,1,2,1,2,2,0,3479,0,0,11,3,6,2,5,1,4,2,3,0,3,2,0,1,1
32,0,2,2,7,1,4,1,2,2,2,2794,1,0,20,4,5,3,5,0,3,3,1,0,4,1,0,2,2
28,0,1,2,9,1,3,1,1,4,2,2070,1,0,23,4,5,3,5,0,4,2,1,0,5,0,0,1,0
37,0,1,1,6,1,3,2,0,4,2,6502,4,0,14,3,7,5,5,0,1,0,0,0,3,2,1,2,1
37,0,0,2,1,0,3,3,7,4,1,13603,2,1,18,3,15,2,5,0,2,3,1,1,2,2,0,2,2
53,0,1,2,3,1,3,4,7,3,2,17584,3,1,16,3,21,5,5,1,3,0,4,1,0,0,1,1,2
26,0,2,2,11,1,3,2,4,1,2,4741,1,1,13,3,5,3,5,3,3,3,0,0,4,1,1,2,2
28,0,1,2,8,0,3,1,1,4,0,3310,1,0,21,4,5,3,5,0,2,0,3,0,5,3,1,1,0
58,0,0,2,1,1,1,2,4,3,1,5660,2,1,13,3,12,2,5,1,2,0,0,1,4,2,1,2,2
31,0,1,2,5,1,3,1,1,4,2,4821,0,1,12,3,6,4,5,0,3,1,0,0,1,0,1,0,2
27,0,1,1,2,1,3,2,0,3,0,4478,1,1,11,3,5,3,5,0,4,0,4,0,5,2,1,3,2
27,0,0,1,1,1,3,2,0,2,2,6349,0,1,13,3,6,0,5,1,4,3,1,1,2,2,0,0,0
41,0,1,2,6,1,2,2,3,2,0,6032,6,1,15,3,8,3,5,1,2,0,0,0,1,1,0,3,2
37,0,1,2,10,0,3,1,2,1,2,3452,6,0,20,4,17,3,5,0,3,3,1,1,4,1,0,3,1
27,0,1,2,1,1,3,1,2,2,1,3816,1,0,11,3,5,2,5,0,4,0,0,0,5,0,1,3,1
49,0,1,2,7,1,2,3,4,3,0,10965,8,0,24,4,26,2,5,0,0,1,0,1,3,0,1,2,2
34,1,0,1,19,1,4,2,0,4,0,5304,8,1,13,3,9,3,5,0,4,0,4,0,0,3,1,1,1
55,0,1,2,2,0,3,4,5,4,0,16659,2,1,13,3,30,2,5,1,2,1,1,1,0,3,1,3,0
24,0,1,1,10,0,3,2,0,3,1,4260,1,1,12,3,5,2,5,0,3,0,4,0,2,0,0,3,0
40,0,1,1,2,0,3,2,0,2,1,5715,7,0,12,3,8,5,5,1,3,3,4,0,3,3,1,0,0
42,0,1,2,1,0,3,1,2,1,1,2576,3,0,16,3,8,5,5,1,2,1,2,0,4,2,0,1,1
43,0,1,2,8,0,3,2,4,3,1,4522,4,1,14,3,8,3,5,0,2,0,3,1,3,2,0,3,1
25,0,1,1,4,0,2,2,0,4,0,4487,1,1,11,3,5,3,5,1,3,2,1,0,1,1,1,0,2
30,0,1,1,12,0,3,2,0,3,0,6577,0,0,11,3,6,6,5,4,4,3,1,0,1,1,1,1,1
52,0,1,2,3,1,2,3,3,3,2,7969,2,1,14,3,28,4,5,0,4,3,1,0,5,1,1,2,0
52,0,1,2,4,0,3,4,5,4,2,16555,2,0,13,3,31,2,5,1,4,3,3,0,5,2,1,0,2
42,0,2,2,29,0,3,2,1,3,1,4556,2,0,11,3,19,3,5,0,2,3,0,0,0,2,0,2,2
30,0,1,2,2,0,1,2,3,4,0,6091,2,0,20,4,11,2,5,0,2,0,0,0,4,2,1,0,0
24,1,1,1,1,0,3,1,6,2,0,3202,1,1,16,3,6,4,5,1,4,1,0,0,4,3,0,0,0
30,0,0,2,3,1,3,1,2,4,2,2097,4,0,15,3,9,3,5,1,4,1,3,1,3,3,1,2,2
47,0,1,2,2,0,3,2,3,4,1,5070,5,0,13,3,20,2,5,0,4,1,2,0,3,3,1,1,0
35,0,1,2,22,1,1,1,2,3,0,4230,0,0,15,3,6,2,5,4,3,2,1,0,3,1,1,3,2
31,0,1,1,7,1,2,3,5,4,1,11557,9,0,21,4,10,3,5,0,1,3,0,0,0,0,0,1,1
35,0,1,1,1,0,3,2,0,3,0,4859,1,0,16,3,5,3,5,0,3,2,4,0,3,2,0,0,2
26,0,1,1,28,1,3,2,0,2,2,6272,1,0,20,4,6,5,5,1,4,1,4,0,3,1,1,2,1
27,0,1,2,6,0,2,1,1,3,1,2187,0,0,12,3,6,5,5,0,3,3,3,1,3,2,1,0,0
33,0,1,1,8,1,3,2,0,3,1,7104,0,0,12,3,6,3,5,1,2,0,1,1,1,0,0,0,0
53,0,1,2,7,1,4,4,7,3,2,14814,3,0,19,3,32,3,5,1,3,0,4,0,5,0,1,2,0
44,0,0,2,24,1,1,1,2,3,0,3708,2,0,14,3,9,5,5,1,4,2,0,0,0,1,0,1,0
34,0,1,2,8,0,3,2,4,3,0,6142,3,0,11,3,10,2,5,4,3,1,4,1,5,1,1,1,1
47,1,2,1,27,0,4,2,0,3,0,6397,4,1,12,3,8,2,5,1,3,3,4,0,0,0,0,2,2
55,1,1,2,2,1,3,5,5,1,2,19859,5,1,13,3,24,2,5,1,4,2,3,1,5,2,1,2,0
54,0,1,2,19,0,3,2,3,1,1,5485,9,1,11,3,9,4,5,1,4,2,0,1,4,1,0,0,2
37,0,1,2,10,0,3,1,1,1,1,2782,0,1,13,3,6,3,5,4,3,1,1,0,1,1,0,0,2
52,0,1,2,11,0,3,2,2,3,2,3149,8,0,20,4,9,3,5,1,4,0,2,1,1,3,0,2,0
36,0,1,0,13,1,3,1,8,2,2,2143,4,0,13,3,8,2,5,0,4,0,3,1,5,3,1,2,1
34,0,2,2,16,0,2,1,1,4,0,2553,1,0,16,3,6,3,5,1,3,0,3,0,4,3,1,0,2
44,0,1,2,4,1,3,2,4,2,0,5933,9,0,12,3,10,2,5,2,3,2,2,1,1,2,0,0,0
32,0,1,1,13,1,3,2,0,4,1,4403,2,0,11,3,8,3,5,0,3,2,1,1,0,1,1,3,2
30,0,2,2,5,1,2,1,1,4,1,3761,9,0,12,3,10,3,5,0,3,1,0,0,4,1,1,2,1
53,0,1,1,7,0,2,3,0,4,2,10934,7,1,18,3,35,3,5,0,4,0,4,0,2,0,1,1,0
45,0,1,1,9,1,3,3,0,1,1,10761,4,1,12,3,18,2,5,0,2,3,1,0,4,1,1,0,1
32,0,1,2,8,0,4,2,1,3,2,5175,5,0,12,3,9,3,5,1,3,3,3,0,5,1,1,0,0
28,0,1,0,8,1,2,1,8,4,1,4936,1,0,13,3,6,6,5,0,4,3,2,0,1,0,0,1,0
36,0,1,0,8,1,2,1,8,1,2,2342,0,0,21,4,6,3,5,0,3,3,2,1,4,0,1,3,2
25,0,1,1,3,1,3,2,0,1,2,4194,1,1,18,3,5,3,5,0,3,1,3,0,2,2,1,1,2
25,0,1,1,4,1,2,2,0,1,2,4256,1,0,12,3,5,1,5,0,3,0,0,0,2,1,1,0,2
24,0,0,2,4,1,2,1,2,4,2,3162,0,0,17,3,6,2,5,3,4,3,1,1,4,3,0,3,2
42,0,1,2,3,0,4,2,2,4,2,5231,2,1,13,3,17,1,5,1,3,3,2,1,4,2,0,2,0
37,0,2,1,21,0,3,1,6,4,2,2973,5,0,15,3,10,3,5,0,0,2,1,0,1,1,1,2,1
43,0,2,2,1,0,3,2,4,4,2,5562,4,0,13,3,12,2,5,2,2,0,0,0,3,0,0,1,1
39,0,1,0,2,0,2,2,8,4,2,5204,8,0,11,3,13,2,5,0,4,2,2,1,4,0,0,3,1
42,0,1,1,14,0,2,2,0,3,0,6244,7,0,17,3,10,6,5,0,3,0,1,1,5,3,0,2,0
33,0,1,2,1,0,2,2,4,4,0,6949,0,0,14,3,6,3,5,1,4,1,1,1,3,0,1,1,2
35,0,1,1,18,0,3,2,0,3,2,4601,1,0,16,3,5,3,5,1,0,2,3,0,3,3,0,3,0
38,0,0,1,10,0,3,2,0,4,0,5666,1,1,13,3,6,1,5,1,3,2,1,1,2,0,0,2,0
45,0,1,2,1,0,3,1,2,4,1,2270,3,0,14,3,8,2,5,0,2,0,1,1,1,3,0,2,2
50,0,1,2,1,1,3,4,7,4,1,17399,9,0,22,4,32,1,5,1,3,3,4,0,2,1,0,1,2
30,1,1,2,22,0,3,1,1,3,2,2132,4,1,11,3,7,2,5,0,1,1,3,1,3,0,0,2,1
59,0,1,2,2,0,2,4,3,4,0,13726,3,1,13,3,30,4,5,4,3,0,1,0,5,1,1,1,2
26,0,2,2,1,0,2,1,1,3,1,2007,1,0,13,3,5,5,5,1,3,0,4,1,1,0,1,2,1
56,0,2,2,9,0,3,1,1,3,2,2942,2,0,19,3,18,4,5,0,3,2,4,0,3,1,1,3,1
26,0,1,2,1,1,2,1,2,1,2,3955,1,0,16,3,6,2,5,1,3,0,2,1,5,3,1,3,0
48,0,0,2,1,1,4,4,5,4,0,16885,2,0,22,4,27,3,5,2,1,3,1,0,1,2,0,2,2
39,0,0,2,9,1,3,2,2,2,0,6782,9,0,15,3,9,2,5,0,3,3,0,1,1,3,0,3,0
28,0,1,2,2,1,2,1,1,2,2,3201,0,0,17,3,6,2,5,0,4,2,3,1,3,0,1,1,1
35,0,2,1,11,1,3,2,0,4,1,4968,1,0,11,3,5,3,5,0,2,3,4,1,4,3,1,3,0
33,1,1,1,9,0,3,2,0,1,0,8224,0,1,17,3,6,3,5,0,3,3,4,0,2,2,1,1,0
35,0,1,0,8,1,3,1,8,3,0,4323,1,0,17,3,6,2,5,1,4,2,3,1,2,1,1,2,0
56,0,1,2,4,0,3,5,5,1,1,19943,4,0,13,3,28,2,5,4,2,2,3,1,4,1,0,3,0
29,0,1,2,15,0,1,1,1,4,2,2168,0,1,18,3,6,2,5,1,3,0,4,0,3,0,0,0,1
33,0,1,0,2,1,3,1,8,3,2,3600,1,0,13,3,5,2,5,1,4,3,4,0,3,2,0,3,1
40,0,1,1,10,0,2,2,0,2,1,6852,7,0,12,3,7,2,5,1,3,2,0,1,2,3,1,3,2
54,0,2,2,1,0,3,3,3,3,1,10502,7,0,17,3,33,2,5,1,4,2,2,0,3,1,0,3,1
27,0,1,2,4,1,3,1,1,3,1,2517,1,0,11,3,5,2,5,0,3,2,1,1,0,3,0,3,0
39,1,1,2,23,1,3,1,1,1,0,3904,0,0,13,3,6,2,5,0,3,3,3,1,5,1,0,3,1
40,1,1,1,25,1,2,3,0,2,0,9094,2,1,12,3,9,2,5,1,0,0,3,0,1,0,0,1,2
51,0,1,2,11,0,2,4,3,2,0,13142,3,0,16,3,29,1,5,0,3,0,0,0,1,1,0,0,0
34,0,0,2,26,0,2,1,1,3,1,2029,1,0,20,4,5,2,5,0,0,3,0,1,2,0,0,0,2
28,0,1,1,26,1,2,2,0,1,2,4724,1,0,11,3,5,0,5,0,4,3,3,1,0,3,1,0,2
39,0,1,1,21,1,2,2,0,4,2,6120,3,1,12,3,8,2,5,1,4,3,3,0,4,2,1,1,0
33,0,2,1,5,1,3,2,0,4,2,9998,6,0,13,3,8,2,5,1,2,1,4,1,3,1,1,3,2
52,0,2,2,28,0,4,4,3,3,2,13247,2,1,11,3,24,3,5,0,2,1,4,1,3,3,1,1,0
52,0,1,2,8,0,3,1,2,1,2,2950,9,0,13,3,12,2,5,0,4,2,2,1,2,3,1,0,0
36,0,1,1,3,0,3,2,0,2,0,9278,3,1,16,3,15,3,5,0,1,1,3,0,0,2,0,1,0
27,0,1,2,11,1,3,1,2,1,2,2099,0,0,14,3,6,3,5,1,4,1,0,1,2,0,0,2,1
24,0,1,1,4,0,3,2,0,3,2,4162,1,1,12,3,5,3,5,0,3,3,3,1,4,1,1,3,2
34,0,1,2,1,0,2,1,2,2,2,3294,5,0,17,3,7,2,5,0,2,2,3,1,5,0,1,3,2
28,0,1,1,5,1,3,2,0,1,0,8463,0,0,18,3,6,4,5,1,3,1,4,0,3,1,0,1,0
44,0,0,2,5,1,2,1,2,3,0,3162,3,0,14,3,7,5,5,0,3,0,1,0,3,3,1,2,2
44,0,1,2,20,1,3,1,1,2,0,3420,1,0,13,3,6,3,5,1,3,1,3,1,1,0,1,0,0
29,1,2,1,13,0,3,2,0,2,0,5765,5,0,11,3,7,4,5,0,0,3,3,0,4,2,0,2,1
30,0,1,0,1,1,3,1,8,3,1,2064,0,0,21,4,6,3,5,1,3,0,3,1,2,0,1,0,2
33,0,1,2,4,0,2,1,2,2,2,3838,8,0,11,3,8,5,5,0,2,1,2,0,0,1,1,3,2
47,0,1,1,14,0,3,2,0,3,2,4591,3,1,17,3,11,4,5,1,2,3,3,0,4,1,1,1,2
32,0,1,2,10,1,3,3,5,4,0,11244,2,0,25,4,10,5,5,0,0,3,4,1,0,2,0,1,0
40,1,1,2,9,1,3,1,2,1,0,2018,3,0,14,3,15,3,5,1,0,2,2,0,2,0,1,1,1
33,0,1,2,25,1,2,2,3,2,0,4320,1,0,13,3,5,2,5,0,2,0,1,0,0,3,1,1,0
45,0,1,2,28,1,3,1,1,4,2,2132,4,0,20,4,8,3,5,0,3,1,4,1,3,3,1,2,2
35,0,1,1,28,0,2,1,6,3,2,2430,0,0,23,4,6,5,5,4,2,0,2,1,4,3,0,3,1
38,1,1,2,2,1,3,2,3,2,2,4855,4,0,11,3,7,2,5,1,4,1,4,1,4,1,1,2,0
35,0,1,2,10,0,3,2,4,3,0,6142,3,1,16,3,10,4,5,0,4,0,4,1,0,3,1,0,2
40,0,1,1,14,0,3,2,0,1,2,4639,1,0,15,3,5,2,5,1,2,1,2,1,0,2,0,0,0
31,0,2,1,2,1,3,2,0,1,0,5332,7,0,13,3,10,3,5,0,3,0,3,1,0,0,0,2,0
28,0,1,2,27,0,1,2,3,1,1,4877,0,0,21,4,6,5,5,0,0,0,0,1,0,1,0,0,1
47,0,1,0,26,0,3,5,5,3,2,19658,3,0,11,3,27,2,5,1,0,1,2,0,5,1,0,0,2
38,0,1,2,2,0,2,3,3,3,2,7756,3,1,19,3,10,6,5,0,2,1,2,1,4,3,1,0,2
29,0,1,1,10,1,2,2,0,3,0,5869,9,0,11,3,8,2,5,1,4,0,2,0,1,1,0,3,0
39,0,1,2,12,1,3,2,3,2,2,5295,4,0,21,4,7,3,5,1,0,1,4,1,0,2,0,0,1
36,0,1,2,3,1,4,2,4,1,1,6842,6,0,20,4,13,3,5,0,4,1,0,0,2,2,0,0,0
23,1,1,2,8,1,2,1,2,3,0,3989,1,1,11,3,5,2,5,1,2,1,1,1,1,2,0,3,2
35,0,2,2,2,1,2,1,1,4,0,4930,0,1,14,3,6,2,5,1,4,1,2,1,4,1,0,0,0
24,0,1,2,9,1,4,1,1,3,2,4401,1,0,16,3,5,1,5,0,4,3,3,1,0,3,0,3,2
29,0,1,2,9,0,3,1,2,3,2,2974,9,0,17,3,9,2,5,1,2,3,0,1,5,0,1,3,0
32,0,2,2,10,1,3,1,1,3,2,3433,6,0,13,3,10,3,5,1,3,3,4,0,1,3,0,3,1
31,0,1,2,2,1,3,1,2,3,2,3477,1,0,14,3,6,2,5,0,3,2,0,1,3,3,1,1,0
31,0,2,2,24,0,3,2,3,4,0,5238,2,0,20,4,9,3,5,1,4,3,2,0,2,0,0,1,1
45,0,1,0,4,0,1,3,8,3,2,9756,4,0,21,4,9,2,5,0,3,1,4,0,1,0,0,2,0
31,0,1,1,5,1,3,2,0,3,2,8346,1,0,19,3,6,3,5,0,2,1,2,1,4,1,1,3,2
34,0,1,2,2,1,4,1,1,4,2,2932,0,1,14,3,6,3,5,1,2,2,2,1,0,0,0,0,0
49,0,1,1,11,0,3,2,0,4,0,4507,3,0,12,3,8,1,5,0,4,2,4,0,2,3,1,3,0
42,0,1,2,12,1,3,1,2,2,1,2766,8,0,22,4,7,6,5,0,4,3,3,1,5,1,1,1,0
41,0,1,2,9,1,3,1,2,1,1,2289,1,0,20,4,5,2,5,0,4,2,2,1,4,0,0,2,0
38,0,1,2,6,0,2,1,2,3,2,3702,1,0,11,3,5,3,5,0,4,0,4,0,3,2,0,3,2
37,0,1,1,9,1,2,2,0,2,2,4189,1,0,14,3,5,2,5,0,3,2,4,0,2,1,1,0,2
44,1,2,2,1,1,3,1,1,2,1,2342,1,1,12,3,6,2,5,2,3,3,2,1,3,1,0,3,1
28,0,1,2,1,1,3,1,1,4,2,2044,1,0,11,3,5,6,5,0,3,2,0,0,3,1,0,2,1
26,1,1,0,20,0,3,1,8,2,2,2148,0,1,11,3,6,3,5,1,4,0,1,0,1,1,0,3,0
40,0,1,2,1,0,3,2,4,4,1,6513,4,0,17,3,12,3,5,0,3,0,0,0,4,2,1,0,1
35,0,1,2,23,1,1,1,2,3,2,2705,0,0,16,3,6,2,5,0,3,1,2,1,3,2,1,2,0
26,0,1,1,10,1,3,2,0,4,0,4684,1,0,13,3,5,4,5,1,2,1,4,0,2,3,0,1,0
27,0,2,2,5,0,3,1,2,4,0,2379,0,1,14,3,6,3,5,0,2,2,1,0,1,2,1,2,1
55,0,1,2,2,1,2,1,1,4,2,2662,8,0,20,4,19,2,5,0,4,3,1,1,5,3,0,0,0
34,0,1,1,4,1,3,3,0,4,2,9713,2,1,13,3,9,3,5,1,0,0,1,0,2,2,0,0,2
37,0,1,2,7,1,3,2,1,1,2,4284,5,1,22,4,16,2,5,0,4,0,4,0,2,1,1,1,2
34,1,0,2,16,1,1,1,1,1,2,2307,1,1,23,4,5,2,5,3,0,1,3,0,0,1,1,3,0
41,0,1,1,8,0,3,2,0,2,2,4393,5,0,21,4,14,3,5,1,4,0,1,0,5,2,0,1,2
31,0,1,1,10,0,3,2,0,4,1,6583,2,1,11,3,8,2,5,1,4,3,2,1,4,0,1,3,0
27,0,1,2,2,1,3,1,1,2,2,2226,1,0,11,3,6,3,5,1,2,2,0,0,4,1,1,0,0
38,0,1,2,9,1,3,1,1,4,1,4771,2,0,19,3,10,0,5,0,3,3,3,1,0,3,0,0,0
49,0,2,2,2,1,3,5,7,4,2,19161,3,0,15,3,28,3,5,4,3,0,1,1,1,2,1,2,0
35,0,1,1,18,1,3,2,0,1,2,5561,0,0,16,3,6,2,5,0,4,1,2,1,4,2,0,2,2
28,0,0,2,16,1,3,1,1,3,0,2144,1,0,14,3,5,3,5,1,4,2,1,0,1,3,1,1,1
36,0,0,2,9,1,4,1,2,2,2,2810,1,0,22,4,5,3,5,0,2,2,0,1,0,0,0,3,0
29,0,1,2,1,1,3,2,4,1,2,5373,0,0,12,3,6,5,5,0,2,3,2,0,3,3,1,1,1
32,0,0,2,15,0,3,2,4,4,1,6667,5,0,18,3,9,6,5,1,2,0,2,1,1,0,1,3,1
54,0,1,2,10,0,3,2,3,1,0,4440,6,1,19,3,9,3,5,1,4,2,4,0,1,0,0,1,0
23,0,1,2,12,1,3,1,2,4,0,2647,1,0,13,3,5,6,5,1,4,0,4,1,5,2,1,1,2
41,0,1,2,1,1,3,1,1,4,2,2782,3,0,22,4,12,3,5,1,0,0,2,0,1,3,1,1,0
25,0,1,1,8,0,3,2,0,3,1,4907,0,1,22,4,6,3,5,0,4,2,3,0,5,0,1,2,2
41,0,1,1,3,1,2,2,0,2,1,8938,2,0,11,3,14,5,5,0,4,3,0,0,4,3,0,1,2
45,0,1,1,20,0,3,2,0,3,0,4850,8,0,15,3,8,3,5,0,1,3,3,1,4,1,0,3,1
40,0,1,2,2,0,3,1,1,3,2,2001,2,0,14,3,20,2,5,0,2,0,1,1,0,0,0,1,0
29,0,1,2,28,0,2,1,1,1,0,3785,1,0,14,3,5,3,5,0,4,2,1,0,4,3,0,2,2
36,0,2,2,23,1,4,2,2,4,2,2571,4,0,17,3,17,3,5,0,3,0,2,0,0,1,0,1,1
41,1,1,1,1,0,3,2,0,4,0,5993,8,1,11,3,8,0,6,0,5,2,1,0,0,0,0,3,1
32,0,1,2,5,1,4,1,1,2,1,3298,0,1,12,3,7,5,6,0,5,2,4,0,5,1,1,0,2
36,0,2,2,11,1,2,2,3,2,0,6499,1,0,13,3,6,3,6,0,3,3,2,1,2,1,0,0,1
35,0,1,2,1,1,2,1,1,3,0,2859,1,0,18,3,6,3,6,0,4,3,1,0,2,3,0,3,1
56,0,1,2,7,1,1,3,3,4,0,7260,4,0,11,3,37,3,6,0,2,1,3,0,1,0,0,2,2
25,1,1,1,5,1,2,2,0,3,0,5744,1,1,11,3,6,1,6,0,3,1,4,1,4,0,0,1,2
45,0,1,2,29,1,3,1,1,4,0,3452,5,0,13,3,9,2,6,0,3,3,2,1,2,0,1,3,1
35,0,2,2,2,0,3,2,2,2,0,4425,5,0,11,3,10,5,6,1,2,2,0,1,1,1,0,2,0
30,1,2,1,26,0,2,2,0,1,0,6696,5,0,15,3,9,5,6,0,1,0,3,1,5,3,1,3,0
29,1,1,2,1,1,3,1,1,3,0,2058,0,0,14,3,7,1,6,1,5,3,4,0,0,0,0,0,1
54,0,1,1,3,0,3,2,0,1,2,5940,2,0,14,3,16,4,6,0,5,1,0,0,4,3,0,1,2
29,0,1,2,15,1,3,1,1,4,0,2340,1,0,19,3,6,1,6,1,5,1,2,1,5,3,0,3,1
32,0,1,2,2,1,2,2,2,1,0,2176,4,0,13,3,9,5,6,0,4,3,4,1,4,3,0,1,2
25,0,0,2,5,1,4,2,4,1,1,4000,1,0,12,3,6,2,6,1,5,0,2,0,3,1,1,1,0
26,0,2,2,1,0,3,2,3,2,1,6397,1,0,20,4,6,6,6,1,4,3,4,1,3,1,0,0,0
37,0,1,2,5,1,3,2,3,4,1,6347,7,0,16,3,8,2,6,0,4,1,0,1,4,3,1,0,0
40,1,1,1,22,1,2,2,0,3,2,6380,2,1,12,3,8,6,6,1,0,3,1,0,4,3,1,1,1
26,1,2,2,3,1,3,1,1,1,0,3102,0,0,22,4,7,2,6,0,4,2,0,0,5,0,0,2,1
42,0,2,2,28,0,2,2,4,4,2,4523,0,0,11,3,7,4,6,0,4,1,4,1,4,3,0,1,0
31,0,1,1,2,1,3,2,0,4,0,6582,4,1,13,3,10,2,6,0,5,2,1,0,1,1,0,2,2
33,0,1,2,1,0,4,4,7,3,1,16184,4,0,19,3,10,2,6,0,5,0,0,0,2,3,1,1,2
37,0,1,2,1,0,3,3,3,4,0,7491,4,0,17,3,12,3,6,1,2,3,4,1,1,0,0,1,2
37,0,1,2,1,0,3,2,3,2,2,6447,6,0,12,3,8,2,6,4,3,1,0,1,3,0,1,1,0
24,0,1,2,23,1,4,1,1,4,2,2725,1,1,11,3,6,3,6,1,4,2,4,1,1,3,0,3,2
24,1,2,2,7,0,3,1,2,3,2,2886,1,1,16,3,6,4,6,1,2,3,3,0,0,0,1,2,1
34,0,1,2,1,1,2,1,1,4,2,3622,1,1,13,3,6,3,6,1,3,0,2,0,3,1,1,1,2
32,0,1,2,9,0,3,2,1,4,2,6322,1,1,12,3,6,2,6,0,5,2,0,0,4,3,1,3,1
29,0,1,1,3,0,3,2,0,3,2,5561,1,0,14,3,6,5,6,1,2,1,4,1,0,1,1,0,0
27,0,2,1,3,0,4,2,0,4,1,4647,1,1,20,4,6,3,6,0,4,3,1,0,4,2,1,1,1
25,0,1,1,26,0,3,2,0,4,0,6180,1,0,23,4,6,5,6,1,4,1,4,0,3,0,0,0,2
34,0,1,1,2,1,3,2,0,4,0,6274,1,0,22,4,6,5,6,1,4,2,2,1,1,1,1,0,1
34,0,1,2,2,0,2,1,1,1,0,4381,1,0,11,3,6,3,6,1,3,1,0,0,1,3,1,0,0
35,0,1,2,27,0,2,1,1,1,0,2559,1,0,11,3,6,3,6,1,1,0,2,1,1,3,1,0,0
31,0,1,2,11,1,3,1,1,4,2,2356,3,1,19,3,8,2,6,0,2,3,2,1,3,1,0,0,1
58,0,1,2,5,0,2,3,4,2,1,10552,2,1,13,3,24,3,6,0,4,0,1,0,1,2,0,3,2
36,0,1,2,7,1,3,1,1,4,0,4678,2,0,18,3,8,6,6,0,1,3,1,1,2,2,0,0,0
33,0,2,2,1,0,4,2,4,2,2,5488,1,1,13,3,6,2,6,1,2,0,3,0,5,0,0,2,2
59,0,1,1,1,1,3,3,5,4,2,11904,3,1,14,3,14,1,6,0,4,1,2,0,2,0,1,1,2
45,0,1,0,24,1,3,1,8,2,0,2177,1,0,16,3,6,3,6,0,4,0,0,0,4,3,1,3,1
30,0,1,2,20,1,3,2,3,1,2,9957,0,0,15,3,7,1,6,0,2,2,0,1,3,3,0,2,0
34,0,2,2,3,1,3,2,4,4,0,7756,0,0,17,3,7,1,6,0,4,1,0,0,5,2,1,2,1
37,0,1,2,25,0,2,2,4,4,1,5731,7,0,13,3,9,2,6,1,3,0,0,0,5,2,0,0,0
34,0,1,1,9,0,3,2,0,3,2,5714,1,0,20,4,6,3,6,1,3,3,3,1,5,3,1,0,1
42,0,1,1,4,1,3,2,0,1,0,5155,7,0,13,3,9,3,6,1,5,1,3,1,5,2,0,3,0
44,1,1,2,10,1,3,1,1,3,0,2936,1,1,11,3,6,4,6,0,2,3,2,1,3,3,1,3,0
28,0,1,2,19,1,2,1,2,1,2,3196,1,0,12,3,6,2,6,3,3,2,4,0,0,3,0,1,2
46,0,1,2,2,1,3,2,3,4,1,7379,2,0,11,3,12,3,6,1,4,2,4,0,2,1,1,1,1
31,0,1,2,11,1,3,2,4,1,2,6833,1,1,12,3,6,2,6,0,1,1,1,0,4,3,0,1,1
59,0,1,1,3,0,2,2,0,4,0,5171,5,0,17,3,13,2,6,0,5,2,0,0,5,0,0,1,1
29,0,1,2,7,1,3,2,4,4,1,6623,1,1,11,3,6,2,6,1,0,2,0,1,2,0,0,2,2
27,0,2,1,2,1,1,2,0,4,0,5071,3,0,20,4,8,3,6,0,0,3,1,0,5,3,0,3,1
41,0,2,2,22,0,3,2,1,4,1,5467,3,1,14,3,12,4,6,3,3,0,3,0,4,3,0,2,1
37,0,1,2,4,1,3,1,1,3,2,2996,7,1,15,3,8,2,6,1,3,3,4,1,3,1,0,0,0
39,0,0,2,25,1,3,3,4,3,2,10920,3,0,21,4,13,2,6,0,5,2,4,1,4,2,1,3,1
27,0,1,1,10,0,2,2,0,4,2,5769,1,1,11,3,6,3,6,4,4,1,0,0,0,2,0,1,2
47,0,1,2,1,1,3,1,1,4,2,3420,7,0,12,3,17,2,6,1,2,0,4,0,2,1,0,1,0
37,0,0,2,5,1,4,1,2,3,0,3500,0,0,14,3,7,2,6,1,3,3,4,0,4,0,0,3,2
38,0,2,0,10,1,3,2,8,3,2,6077,3,0,11,3,10,2,6,1,2,2,1,1,4,1,0,1,2
32,0,0,2,1,1,3,2,1,1,2,4087,4,0,14,3,9,3,6,1,2,1,1,0,1,1,1,3,0
29,0,2,2,2,1,3,2,4,4,1,8853,1,0,19,3,6,0,6,1,3,3,1,1,2,3,1,2,0
43,0,1,2,27,1,4,1,2,2,1,4876,5,0,12,3,8,0,6,0,2,0,3,1,2,2,1,2,1
30,0,1,2,7,1,2,1,1,2,2,2141,1,0,12,3,6,3,6,1,1,1,3,1,0,0,1,1,0
24,0,2,2,2,0,3,1,1,4,0,3760,1,1,13,3,6,2,6,1,3,0,4,1,4,0,1,3,2
33,0,1,1,2,1,3,2,0,4,1,5505,1,0,14,3,6,5,6,0,4,1,2,0,3,2,1,1,0
33,0,0,1,16,0,3,2,0,4,1,5368,1,1,25,4,7,2,6,1,2,1,1,1,0,0,0,2,0
37,0,2,1,1,1,1,2,0,4,1,9525,1,0,14,3,6,2,6,1,3,1,2,1,3,3,0,1,1
24,0,1,2,29,1,3,1,2,1,1,3907,1,0,13,3,6,2,6,1,2,1,1,0,4,1,1,0,2
27,0,1,2,8,0,3,1,1,4,0,3445,1,0,11,3,6,5,6,1,4,1,4,0,3,3,1,0,1
38,0,2,2,2,0,2,1,2,2,2,2468,4,0,14,3,9,4,6,0,5,1,1,1,0,0,0,0,0
42,0,0,2,10,1,3,1,1,3,2,2936,3,0,22,4,10,1,6,3,3,3,4,1,4,2,1,3,2
38,0,2,0,1,1,3,1,8,2,2,2991,0,1,11,3,7,2,6,1,2,3,0,1,1,3,0,0,1
32,0,1,2,29,0,2,1,2,2,0,2837,1,0,13,3,6,3,6,4,1,2,3,0,1,3,1,2,2
39,0,0,2,9,1,3,5,5,4,0,19431,2,0,13,3,21,3,6,1,3,2,2,0,1,1,0,1,1
50,1,2,1,1,1,3,2,0,3,1,6728,7,0,12,3,12,3,6,0,1,1,0,1,5,0,0,0,1
36,0,1,1,11,0,2,2,0,4,2,6652,4,0,13,3,8,2,6,0,0,0,4,1,2,3,0,1,1
27,0,1,2,4,1,4,2,3,2,2,6142,1,1,20,4,6,0,6,0,3,2,1,1,5,0,1,3,1
32,0,2,2,2,1,3,1,2,4,0,3068,0,0,13,3,8,2,7,3,6,3,1,0,5,1,1,2,2
36,0,1,2,27,1,3,2,4,3,2,5237,6,0,13,3,17,3,7,7,7,0,2,1,0,2,0,0,1
31,0,1,2,7,1,3,2,2,4,1,5915,3,0,22,4,10,3,7,1,7,2,4,0,5,3,0,0,0
37,0,1,2,1,1,2,2,3,3,1,5993,1,0,18,3,7,2,7,0,7,2,0,0,0,3,0,1,2
33,0,0,1,22,1,3,2,0,2,2,6146,0,0,13,3,8,2,7,0,7,3,3,1,4,3,0,3,1
31,1,1,1,6,1,1,2,0,3,2,6172,4,1,18,3,12,3,7,7,7,2,1,0,1,1,0,3,2
41,0,2,2,10,1,2,4,5,1,1,17181,4,0,13,3,21,2,7,7,7,2,0,1,2,2,1,2,2
53,0,1,1,6,1,3,2,6,3,2,2306,2,1,20,4,13,3,7,4,5,3,2,0,0,1,0,0,1
51,0,1,2,3,0,3,4,4,2,0,13734,3,0,18,3,21,6,7,1,0,1,1,0,0,2,1,0,0
27,0,1,2,9,0,3,1,1,2,0,2279,1,0,16,3,7,2,7,0,3,0,1,0,1,1,1,1,1
38,0,1,2,29,1,3,2,3,4,2,6261,3,0,18,3,9,3,7,1,7,0,4,1,3,0,0,0,0
49,0,0,2,18,1,3,2,3,4,1,6804,1,1,15,3,7,0,7,1,7,0,3,0,2,0,0,2,2
40,0,1,2,19,1,3,2,2,4,2,2741,8,1,15,3,15,2,7,3,7,2,4,1,3,2,1,3,0
27,0,2,1,20,0,3,2,0,3,0,9981,1,0,14,3,7,2,7,0,7,3,2,0,2,3,0,1,2
50,0,1,1,1,0,3,5,5,4,1,19517,3,0,11,3,32,3,7,0,6,2,3,1,1,2,0,2,1
46,0,1,1,2,0,1,4,5,2,2,16872,3,1,12,3,28,2,7,7,7,3,4,1,2,0,1,3,0
35,0,1,2,22,0,4,3,5,2,1,11996,7,0,18,3,10,6,7,6,2,1,2,1,5,0,0,3,0
49,0,1,2,1,0,2,4,4,3,0,13964,7,1,12,3,25,2,7,0,7,2,4,0,5,1,1,2,1
31,0,1,1,7,1,3,2,0,4,1,7547,4,0,12,3,13,3,7,1,7,2,2,1,0,2,1,3,0
32,0,1,2,2,0,4,2,1,4,0,5055,7,0,16,3,10,0,7,0,7,0,0,0,1,1,0,3,2
33,0,2,1,10,1,2,2,0,4,0,4682,3,0,14,3,9,6,7,0,1,3,3,1,5,0,1,2,1
29,1,1,2,8,1,1,1,2,1,2,2119,1,1,11,3,7,4,7,0,7,1,0,0,0,0,1,2,0
29,0,1,1,10,0,2,2,0,2,1,8268,1,1,14,3,7,2,7,1,7,0,4,1,5,2,1,2,2
37,0,1,2,6,1,4,2,1,1,1,5974,4,1,13,3,13,2,7,6,7,1,3,0,3,0,1,2,2
40,0,1,2,10,0,4,1,2,3,2,2213,3,1,13,3,10,3,7,1,7,0,1,0,5,2,0,2,0
28,0,1,1,9,1,3,2,0,4,0,5253,1,0,16,3,7,1,7,0,7,1,1,1,4,0,0,0,0
51,0,1,1,14,0,3,2,0,4,2,4936,4,0,11,3,18,2,7,0,7,3,0,0,4,1,1,3,0
56,0,2,1,6,0,4,4,0,1,2,13212,9,0,11,3,36,0,7,7,7,1,2,1,5,1,1,2,0
34,0,1,2,2,1,2,1,1,3,1,2768,3,0,12,3,14,3,7,5,7,0,1,0,2,0,1,0,2
33,1,1,2,15,1,3,3,5,3,2,13610,7,1,12,3,15,2,7,7,7,0,0,1,2,1,0,1,2
26,1,2,0,17,0,3,1,8,3,1,2741,0,1,11,3,8,2,7,1,0,1,0,0,4,3,1,1,1
25,0,1,1,13,1,3,1,6,3,2,2096,1,0,11,3,7,1,7,0,6,3,3,1,1,1,0,1,1
31,0,1,1,6,1,4,2,0,4,1,5460,4,0,22,4,13,4,7,5,7,3,3,0,4,1,0,0,2
38,0,1,1,7,0,2,2,0,4,0,4028,0,0,20,4,8,2,7,0,5,3,3,1,1,2,0,0,0
32,0,1,2,3,0,3,3,7,4,0,11159,3,0,15,3,10,6,7,7,7,1,0,0,4,1,1,2,0
47,0,1,1,14,1,3,2,0,1,0,4960,2,0,12,3,20,2,7,1,7,2,1,0,5,0,0,0,2
28,1,1,2,1,0,1,1,1,2,0,2216,7,1,13,3,10,4,7,3,7,0,1,1,0,0,1,3,0
27,0,1,2,7,0,2,2,4,1,0,6811,8,0,19,3,9,2,7,0,7,3,1,0,3,2,0,2,0
47,0,1,1,2,0,3,2,0,4,2,4537,0,1,22,4,8,2,7,7,7,0,3,0,2,0,1,1,2
41,1,1,2,2,0,1,1,2,4,1,2778,4,1,13,3,10,1,7,1,0,1,0,1,0,2,1,2,0
31,0,1,1,7,1,2,1,6,3,2,2329,3,0,15,3,13,2,7,5,2,0,0,1,3,0,0,2,0
26,0,2,1,1,1,2,2,0,1,0,4294,1,0,12,3,7,2,7,0,7,3,4,0,4,2,0,0,2
36,0,0,1,8,1,3,2,0,4,1,5079,4,0,13,3,12,3,7,0,7,0,1,1,1,2,1,1,0
40,0,1,1,26,1,3,2,0,1,2,8396,1,0,14,3,8,3,7,7,5,2,0,0,0,3,0,2,0
25,1,1,2,4,1,3,1,2,4,2,3691,1,1,15,3,7,3,7,5,6,0,3,1,4,2,1,1,1
29,0,1,2,28,0,3,1,1,4,1,2514,4,0,22,4,11,1,7,1,7,2,2,1,1,3,1,3,1
29,0,2,2,10,0,3,1,1,2,1,3291,0,0,14,3,8,2,7,1,1,3,3,1,1,1,0,2,1
38,0,1,0,1,1,4,1,8,3,2,2844,1,0,13,3,7,2,7,5,0,1,1,1,4,2,0,3,2
35,0,1,2,2,1,2,3,3,2,1,10274,2,0,18,3,15,2,7,6,4,1,4,0,2,0,1,2,0
53,0,1,2,7,0,3,5,5,3,1,18606,3,0,18,3,26,6,7,4,7,1,1,0,2,2,0,1,1
35,0,1,1,17,1,3,2,0,1,2,8966,3,1,15,3,15,2,7,1,7,0,0,1,4,0,1,1,1
36,0,1,2,6,1,1,1,2,3,1,2741,1,0,14,3,7,4,7,1,7,2,2,1,2,0,0,0,2
36,0,1,2,1,0,1,3,3,1,1,10252,2,1,21,4,17,2,7,7,7,3,0,1,5,1,0,0,0
29,0,1,2,1,0,2,4,7,4,1,16124,3,0,14,3,9,2,7,1,7,0,0,1,0,3,0,2,1
51,0,2,2,6,0,2,1,2,3,0,2838,0,0,14,3,8,6,7,7,7,0,4,0,1,3,1,3,1
29,1,1,2,7,0,3,1,2,3,1,3339,3,1,13,3,10,2,7,7,7,3,4,0,1,2,1,3,2
36,0,1,2,10,0,3,3,4,3,2,7094,3,0,12,3,10,0,7,1,7,3,1,0,1,0,1,0,1
46,0,1,0,1,0,3,1,8,1,0,3423,6,0,12,3,10,3,7,5,7,1,0,1,5,3,1,0,2
56,0,1,0,8,1,3,5,5,2,0,19717,6,0,14,3,36,4,7,7,7,0,3,1,3,2,1,1,2
38,0,1,1,2,0,3,2,0,1,1,6893,3,0,15,3,11,3,7,1,7,3,0,1,0,3,0,0,1
26,0,1,2,7,1,4,1,2,1,0,3578,0,0,12,3,8,2,7,0,7,3,0,0,3,0,1,2,2
55,0,1,2,1,1,4,4,7,4,1,14732,2,0,13,3,31,4,7,0,0,2,2,1,3,0,0,3,1
46,1,1,1,9,1,3,3,0,4,1,10096,4,0,11,3,28,1,7,4,3,0,1,1,4,0,1,2,0
45,0,1,2,20,1,1,3,4,1,1,10851,2,1,18,3,24,2,7,0,7,3,0,0,2,0,0,0,1
31,1,2,2,3,0,3,1,1,3,0,4084,1,0,12,3,7,2,7,7,7,2,1,1,1,2,0,0,2
29,0,1,2,8,0,1,2,4,1,2,9715,3,0,13,3,9,3,7,0,7,3,2,0,5,0,1,2,2
32,0,1,2,5,0,2,2,1,2,2,5878,3,0,12,3,12,2,7,2,5,2,2,1,3,1,1,3,2
39,0,1,1,6,1,4,3,0,3,2,8237,2,0,11,3,11,3,7,7,6,1,0,1,2,0,1,0,2
39,0,1,2,10,1,3,2,3,1,2,5377,2,0,13,3,10,3,7,7,7,3,4,0,5,3,1,3,2
27,0,1,2,19,1,2,1,2,1,1,4066,1,0,11,3,7,3,7,0,7,0,1,1,3,2,0,1,0
25,0,2,2,2,1,4,2,3,3,1,5206,1,0,17,3,7,6,7,0,7,3,4,1,5,3,0,3,2
26,0,0,2,7,1,3,1,2,4,0,2570,1,0,20,4,7,5,7,5,7,3,1,1,3,1,1,1,2
35,0,1,2,27,1,3,2,3,3,2,6883,2,0,16,3,17,3,7,0,7,1,1,1,2,3,1,0,1
30,0,1,1,15,1,2,3,0,1,1,7140,2,0,11,3,12,2,7,1,7,1,3,1,3,3,0,3,0
30,0,1,2,16,1,4,2,4,3,2,5294,3,0,16,3,10,3,7,1,7,1,3,1,4,1,1,1,2
32,0,0,2,5,1,3,1,1,2,0,2718,2,0,14,3,12,3,7,0,7,2,2,0,4,1,1,0,0
35,0,0,2,2,1,3,2,3,4,1,5762,2,0,14,3,15,6,7,1,7,3,0,0,3,1,1,0,2
34,1,2,2,9,1,3,2,2,1,2,5346,4,0,17,3,11,3,7,0,7,0,3,0,2,3,1,1,1
30,0,1,2,10,0,3,3,3,3,0,9667,9,0,14,3,9,3,7,0,2,0,4,0,3,3,1,0,2
40,0,1,2,12,0,3,2,4,1,1,4448,2,0,12,3,15,3,7,7,7,0,2,0,3,3,1,2,1
54,0,1,2,7,0,3,2,1,4,2,6854,4,0,15,3,14,2,7,1,7,1,1,0,1,3,0,3,2
43,0,2,1,2,1,3,2,0,4,2,5675,1,0,20,4,7,5,7,7,7,3,2,1,2,3,0,3,1
29,0,1,2,29,1,1,2,4,3,1,6384,8,0,17,3,11,3,7,1,6,2,3,0,0,1,1,2,1
27,0,2,2,15,0,2,1,1,1,2,4774,0,0,19,3,8,2,7,7,3,2,0,0,2,1,1,3,2
26,0,2,2,6,1,4,1,2,4,2,2544,0,0,18,3,8,3,7,7,7,1,1,0,5,0,0,1,0
28,0,2,1,1,1,2,2,0,4,2,6834,1,1,12,3,7,2,7,0,7,2,2,0,2,0,0,1,2
26,0,1,2,1,1,3,1,2,1,0,2867,0,0,13,3,8,6,7,7,6,1,3,1,1,0,0,3,0
27,0,1,1,9,1,3,2,0,4,0,4105,1,0,14,3,7,5,7,0,7,0,0,1,4,1,0,1,0
39,0,1,2,24,1,3,2,1,4,0,4108,7,0,13,3,18,2,7,1,7,1,1,1,2,0,1,0,1
39,0,1,2,6,1,2,3,4,1,2,9991,4,0,15,3,9,5,7,1,7,2,3,1,5,2,1,3,0
33,0,2,2,3,0,3,1,1,3,2,2909,1,1,11,3,8,3,8,3,0,1,0,0,2,0,0,2,1
50,0,2,2,1,0,3,5,7,2,2,18172,3,1,19,3,28,1,8,0,7,2,3,0,5,3,1,2,0
26,0,1,0,25,0,3,1,8,3,2,2942,1,0,23,4,8,3,8,5,7,0,1,1,0,2,0,2,2
32,0,2,1,9,1,1,2,0,4,1,4668,0,0,17,3,9,2,8,0,7,0,2,1,5,3,1,1,0
38,0,1,1,1,0,2,2,0,4,0,8686,4,0,22,4,12,2,8,0,7,0,4,0,0,1,0,1,1
36,0,2,2,3,1,3,1,2,2,0,2088,4,0,12,3,13,3,8,7,2,1,0,0,5,1,1,1,0
33,0,1,2,14,0,3,1,1,2,2,2756,1,0,13,3,8,5,8,1,6,3,2,1,4,1,0,0,1
37,0,1,2,21,1,4,1,1,1,2,3564,1,1,12,3,8,3,8,1,7,3,0,1,3,0,1,2,0
36,0,2,2,18,0,3,1,2,4,0,2153,1,0,13,3,8,2,8,1,7,2,2,1,4,3,1,0,2
38,0,0,1,2,1,2,2,0,4,2,5249,3,0,18,3,13,0,8,7,5,3,1,0,1,0,1,2,2
38,0,1,1,7,0,4,2,0,1,1,5605,1,1,24,4,8,3,8,7,7,0,0,0,5,3,0,2,1
36,0,1,2,3,1,3,2,1,2,0,4485,4,0,12,3,10,2,8,7,7,0,0,0,5,2,0,0,0
26,1,1,1,4,1,2,2,0,4,0,5828,1,1,12,3,8,0,8,7,4,0,3,0,3,3,1,0,2
28,0,1,2,16,1,4,2,4,1,0,5661,0,0,19,3,9,2,8,0,7,0,4,1,2,2,0,1,2
31,0,1,1,7,1,4,2,0,4,2,6929,4,0,11,3,10,3,8,7,7,2,3,0,2,2,1,2,0
43,0,2,2,10,0,3,1,2,4,0,2455,0,0,19,3,9,5,8,1,7,0,4,0,0,1,0,1,2
52,1,1,2,8,1,2,2,1,2,2,4941,2,0,15,3,11,3,8,7,7,0,0,1,5,2,0,1,1
27,0,1,1,8,0,3,2,0,2,2,6214,1,0,18,3,8,3,8,0,7,3,2,1,5,2,1,2,2
32,0,1,2,2,0,3,1,2,2,2,2370,1,0,13,3,8,4,8,0,7,3,2,1,3,1,1,3,2
26,0,1,1,1,1,3,2,0,3,2,5296,1,0,17,3,8,3,8,7,7,3,0,0,0,2,1,2,1
41,1,2,1,4,1,3,2,0,2,0,9355,1,0,18,3,8,5,8,7,7,3,3,0,1,1,1,1,2
35,0,1,2,16,1,3,3,4,3,2,7632,4,1,12,3,10,2,8,0,0,1,1,0,2,1,1,2,2
39,0,2,2,8,0,3,1,2,3,2,3755,1,0,11,3,8,3,8,0,7,2,4,1,1,3,1,2,0
45,0,1,1,2,1,3,2,0,2,2,4805,0,0,19,3,9,3,8,3,7,2,2,0,5,3,1,1,0
41,0,0,2,2,0,2,2,4,3,0,6811,2,1,17,3,10,3,8,0,7,1,2,1,3,0,0,1,0
43,0,2,2,9,1,3,2,2,3,1,5679,3,1,13,3,10,3,8,4,7,3,1,0,4,2,0,3,2
34,0,1,1,14,0,3,1,6,3,1,2579,1,1,18,3,8,3,8,0,6,3,4,0,3,0,1,2,2
34,0,1,2,9,0,2,3,4,2,0,8621,1,0,14,3,9,3,8,7,7,1,2,0,0,2,1,0,1
36,0,0,2,8,0,4,3,7,1,2,11713,9,0,14,3,10,2,8,0,5,1,0,1,1,0,1,0,1
30,0,1,1,27,1,3,2,0,4,1,5304,7,0,23,4,10,2,8,7,7,1,0,1,2,2,0,3,1
39,0,1,0,3,0,4,2,8,2,2,6389,9,0,15,3,12,3,8,3,6,1,1,0,3,3,0,0,1
45,0,1,1,2,1,1,2,6,3,0,6632,0,0,13,3,9,3,8,3,1,0,1,0,4,0,0,2,0
29,0,1,2,27,0,3,2,4,3,2,4335,4,0,12,3,11,3,8,1,1,3,1,0,5,1,0,1,2
40,0,2,2,2,0,4,2,4,2,2,4244,1,0,24,4,8,2,8,3,7,2,1,0,5,1,1,1,2
35,0,1,2,7,1,3,3,3,3,0,10221,3,0,21,4,17,3,8,1,6,3,1,0,1,1,0,1,2
28,0,1,1,2,0,3,2,0,2,2,4779,1,1,20,4,8,2,8,7,5,1,1,1,0,1,0,3,1
26,1,2,2,5,0,2,1,1,3,2,2366,1,1,14,3,8,2,8,1,7,1,4,1,5,0,1,0,2
44,0,1,2,9,1,3,1,1,1,2,2559,1,1,13,3,8,0,8,7,1,3,2,0,3,1,1,0,2
32,0,1,2,3,0,3,2,3,1,2,6725,1,0,12,3,8,2,8,6,3,2,4,0,3,0,1,1,0
30,0,1,1,8,1,3,3,0,3,1,7264,5,0,11,3,10,2,8,7,7,3,1,0,5,2,1,0,2
39,0,1,1,2,1,4,3,0,3,0,7880,0,0,18,3,9,3,8,0,7,0,0,1,1,1,1,2,0
46,0,1,2,7,1,3,3,3,3,1,10845,6,0,13,3,13,3,8,0,7,2,3,0,2,0,0,1,1
30,0,1,2,8,0,4,3,7,1,2,11416,0,1,12,3,9,4,8,1,7,2,0,0,2,2,0,2,2
26,0,1,2,2,1,4,2,3,4,2,5472,1,0,12,3,8,2,8,1,3,3,4,0,5,0,0,0,0
55,0,2,2,18,1,3,2,4,2,2,6385,3,1,14,3,17,3,8,6,7,1,4,0,1,2,0,1,0
32,0,0,2,29,0,3,1,2,3,0,4025,9,0,12,3,10,2,8,7,7,3,0,0,2,3,0,1,0
50,0,1,2,2,1,3,5,7,3,2,19237,2,1,11,3,29,2,8,7,7,3,3,1,4,1,0,0,0
28,0,1,2,10,0,3,2,1,3,0,3660,3,0,13,3,10,4,8,1,7,2,4,0,0,2,1,0,2
35,1,1,1,4,1,3,3,0,1,0,9582,0,1,22,4,9,2,8,4,7,2,0,0,5,0,1,1,1
52,0,1,2,7,1,3,3,4,2,0,10445,7,0,19,3,18,4,8,4,0,2,1,1,0,3,1,2,0
38,0,1,1,10,1,2,3,0,3,1,8740,0,1,14,3,9,2,8,2,7,2,2,0,4,2,0,1,2
43,0,2,2,27,0,3,3,3,1,2,10820,8,0,11,3,18,1,8,0,1,0,1,1,1,1,1,2,0
35,0,1,2,1,1,2,1,2,3,2,2258,6,0,12,3,10,2,8,1,7,2,3,0,0,3,1,2,1
26,0,1,2,3,1,4,1,2,4,2,4420,1,0,22,4,8,2,8,0,7,3,2,1,0,0,1,0,1
32,0,2,2,2,0,3,2,1,3,0,4998,4,1,14,3,10,2,8,0,7,2,1,1,1,3,1,0,1
43,0,1,2,3,1,1,5,7,4,2,19740,3,0,14,3,25,2,8,0,7,2,4,1,2,0,1,0,2
26,0,1,2,4,1,3,1,1,4,0,2875,1,1,20,4,8,2,8,2,2,1,4,0,0,3,1,0,1
30,0,0,2,9,0,3,2,3,3,0,4695,7,1,18,3,10,3,8,1,7,3,3,1,4,1,0,1,0
52,1,1,1,5,1,3,3,0,2,0,8446,9,1,19,3,10,2,8,7,7,3,1,1,4,0,1,1,0
39,0,1,2,18,1,3,2,3,3,0,4534,0,0,11,3,9,6,8,1,7,1,0,1,3,0,1,1,1
34,0,1,2,29,1,3,2,2,3,2,5429,4,0,13,3,10,1,8,7,7,1,4,1,3,1,0,0,0
27,1,1,2,17,0,3,1,1,3,0,2394,1,1,13,3,8,2,8,7,7,0,4,0,1,0,1,2,1
29,1,2,2,14,0,3,3,4,4,0,7553,0,1,12,3,9,1,8,7,7,2,3,0,1,2,1,2,0
40,0,0,2,9,1,3,2,2,3,1,3975,3,0,11,3,11,2,8,0,7,3,3,1,4,3,1,2,0
49,0,1,2,7,1,3,3,4,2,1,10466,3,0,14,3,29,3,8,0,7,3,3,1,4,0,1,0,1
28,0,1,2,29,1,1,2,3,2,2,6549,1,0,14,3,8,2,8,1,7,3,1,1,3,2,1,1,0
40,0,1,1,9,1,3,2,0,1,2,5473,0,0,12,3,9,5,8,7,1,2,0,0,4,0,1,1,2
48,0,1,1,16,0,3,2,0,3,1,6439,8,0,14,3,18,2,8,7,7,3,2,1,5,1,0,3,2
48,0,1,2,15,0,3,1,1,1,2,2367,8,0,12,3,10,3,8,7,6,0,1,1,0,1,1,0,2
34,0,2,2,10,1,2,2,4,3,2,5063,1,0,14,3,8,3,8,7,7,2,3,1,5,0,0,0,0
37,0,1,2,10,0,3,1,1,2,2,3936,1,0,11,3,8,2,8,7,7,2,2,0,1,1,0,2,0
49,0,1,2,1,1,3,4,5,3,0,15379,4,0,14,3,23,2,8,0,0,3,0,1,3,0,1,0,1
44,0,1,2,2,0,4,3,4,4,2,7879,1,1,19,3,9,2,8,6,7,1,4,0,3,3,0,1,2
45,0,0,1,2,0,3,2,0,3,2,5154,4,0,22,4,10,3,8,5,7,2,1,1,4,2,1,3,2
46,1,1,1,10,0,3,3,0,2,2,7314,5,0,21,4,14,2,8,0,7,2,1,1,5,0,1,2,2
27,0,1,1,2,0,4,2,0,3,0,6500,0,0,14,3,9,5,8,0,7,0,0,0,1,0,1,0,1
47,0,0,2,14,1,3,2,1,2,2,5467,8,0,18,3,16,4,8,1,7,2,2,0,0,0,0,3,2
34,0,1,1,13,1,3,3,0,3,1,8628,1,0,18,3,9,2,8,1,1,1,2,1,3,1,1,0,2
38,0,2,2,6,1,2,2,3,3,2,5321,2,0,11,3,10,1,8,7,7,2,0,1,5,0,1,2,0
34,0,1,1,28,0,2,2,0,3,2,6712,1,0,21,4,8,2,8,1,7,2,4,0,0,2,1,0,1
38,0,2,2,23,1,2,3,3,3,0,9526,0,0,21,4,10,2,9,1,8,2,3,0,2,1,0,3,1
29,0,1,2,15,0,2,2,2,3,0,4193,0,1,12,3,10,3,9,0,8,3,3,0,5,1,1,3,0
42,0,1,1,8,1,3,2,0,2,2,6825,0,0,11,3,10,2,9,4,2,1,2,1,0,0,0,3,0
27,0,2,1,8,1,3,3,0,3,0,8726,1,0,15,3,9,0,9,1,7,2,0,0,5,1,0,0,0
34,0,0,1,23,1,3,2,0,3,0,4568,0,0,20,4,10,2,9,8,7,0,0,0,5,3,1,2,2
46,0,2,1,5,1,3,2,0,4,0,5772,4,1,21,4,14,4,9,0,8,0,0,1,4,1,1,3,1
35,0,2,1,18,1,3,3,0,1,2,9069,1,0,22,4,9,3,9,1,8,2,0,1,4,0,0,1,0
32,0,1,2,1,1,3,2,3,4,2,6162,1,1,22,4,9,3,9,7,8,1,2,0,0,0,1,1,0
46,1,1,1,9,1,2,3,0,4,0,9619,1,0,16,3,9,3,9,4,7,2,4,0,2,3,0,3,0
34,1,2,2,7,1,1,2,2,3,0,6074,1,1,24,4,9,3,9,0,6,1,1,1,4,1,1,3,2
36,0,2,1,11,0,3,3,0,4,2,9738,0,0,14,3,10,6,9,2,8,2,2,0,2,0,0,2,1
41,0,1,1,9,1,3,3,0,3,1,8189,3,1,13,3,12,2,9,0,7,2,3,1,3,1,1,2,2
32,0,2,1,8,0,3,3,0,4,0,8998,1,0,14,3,9,2,9,3,7,1,1,1,5,2,1,0,0
41,0,1,2,14,1,3,1,1,3,1,2451,4,0,12,3,13,2,9,1,8,3,0,0,4,3,1,2,1
37,0,2,1,4,1,3,1,6,4,1,2793,4,0,17,3,13,2,9,5,8,3,4,1,2,1,1,0,1
33,1,1,2,2,0,3,1,2,1,2,2707,7,0,20,4,13,3,9,1,7,2,3,0,0,1,1,0,0
40,0,1,2,24,1,3,2,1,4,1,3319,1,0,17,3,9,3,9,4,7,2,1,0,2,1,1,3,0
42,0,1,2,2,0,2,1,2,1,1,2593,0,1,11,3,10,4,9,7,8,0,2,1,4,2,0,2,1
31,0,1,2,23,1,2,2,4,4,2,5582,0,0,21,4,10,2,9,7,8,2,3,1,4,1,0,1,0
36,0,0,2,24,0,3,2,2,2,2,5674,7,0,15,3,11,3,9,0,8,0,3,0,5,1,1,0,1
43,0,2,2,10,0,2,2,2,3,1,5257,1,0,11,3,9,3,9,0,0,1,4,1,3,3,0,0,0
30,0,0,1,22,0,3,3,0,1,2,8412,0,0,11,3,10,3,9,7,8,1,2,0,4,2,1,0,2
48,0,1,1,2,0,3,2,0,4,2,4051,2,0,14,3,14,2,9,6,7,3,3,1,2,0,1,3,2
37,0,0,1,9,1,3,3,0,2,1,8834,1,0,13,3,9,6,9,7,7,3,1,0,3,2,0,1,0
54,0,1,0,19,1,3,3,8,2,2,10725,2,0,15,3,16,1,9,7,1,1,0,1,4,0,0,3,2
38,0,1,2,1,0,4,2,4,4,0,7625,0,0,13,3,10,4,9,1,8,0,4,1,3,3,0,2,1
27,0,1,2,1,0,3,3,3,1,2,7412,1,0,11,3,9,3,9,0,7,2,4,1,2,2,1,0,1
27,0,2,2,10,1,3,3,3,1,1,8793,1,0,21,4,9,4,9,1,7,3,0,1,1,3,0,0,1
36,0,1,2,1,0,3,2,3,2,2,5228,0,0,15,3,10,2,9,0,5,2,0,0,0,0,1,3,1
42,0,1,2,29,1,3,2,3,2,2,4434,1,0,13,3,10,3,9,7,8,1,2,0,4,3,1,0,0
49,1,1,1,11,0,3,3,0,4,2,7654,1,0,18,3,9,3,9,7,7,0,3,1,4,0,1,1,1
55,1,1,1,2,1,3,2,0,4,0,5160,4,0,16,3,12,3,9,7,3,2,3,0,0,2,0,1,2
27,0,1,2,5,1,2,3,7,4,1,12808,1,1,16,3,9,3,9,0,8,0,3,0,4,0,1,2,0
33,0,1,1,1,1,4,2,0,1,1,4037,1,0,22,4,9,5,9,0,8,3,4,1,2,3,1,2,0
52,0,2,2,25,0,2,4,3,4,2,13826,3,0,22,4,31,3,9,0,0,3,4,1,2,3,0,1,0
31,0,0,1,20,0,3,2,0,3,2,6932,1,0,13,3,9,2,9,0,0,3,0,0,3,1,1,3,1
31,0,1,2,12,0,3,2,4,4,2,5855,0,1,11,3,10,2,9,8,5,1,0,0,3,1,1,1,2
45,0,0,2,4,1,3,2,2,2,2,4447,1,0,12,3,9,5,9,0,8,1,1,1,2,2,1,3,0
52,0,1,2,1,1,3,4,5,4,2,17099,2,0,15,3,26,2,9,7,8,3,1,1,0,1,0,2,2
45,0,0,2,23,1,3,2,2,1,2,3633,1,1,15,3,9,2,9,0,8,1,0,1,1,3,1,2,0
47,0,1,1,4,0,3,2,0,4,0,4163,1,1,17,3,9,0,9,0,7,2,1,0,0,0,1,2,2
45,0,1,1,11,0,3,4,5,4,2,17650,3,0,13,3,26,4,9,1,1,3,0,0,5,2,0,0,1
54,0,1,1,2,0,2,3,0,3,2,10686,6,0,11,3,13,4,9,7,0,3,0,1,3,3,0,0,0
55,0,0,2,2,1,2,4,5,1,0,16756,7,0,15,3,31,3,9,6,2,2,0,1,4,3,1,0,1
28,0,1,2,3,0,3,3,3,2,1,7655,0,0,17,3,10,3,9,1,7,2,4,1,3,2,0,2,0
49,0,1,1,8,1,2,4,0,2,2,13120,6,0,17,3,22,3,9,2,3,0,3,0,5,1,0,0,2
27,0,1,2,14,1,3,1,1,1,2,2235,1,1,14,3,9,3,9,6,8,2,3,0,4,1,0,3,2
33,0,1,1,10,1,4,3,0,3,1,8380,0,1,14,3,10,3,9,0,8,2,4,1,2,1,0,0,0
59,0,1,2,18,1,3,3,3,4,0,10512,6,0,12,3,25,6,9,5,4,1,0,1,4,1,0,0,0
30,0,1,2,6,0,2,2,2,4,2,4627,0,0,12,3,10,6,9,6,7,2,3,0,3,0,0,1,1
28,0,0,2,1,0,1,2,2,4,2,6674,0,0,11,3,10,6,9,7,5,1,2,1,2,2,0,3,2
30,0,1,2,17,0,3,3,5,1,2,11916,1,1,23,4,9,2,9,0,8,1,4,1,1,3,0,1,2
34,0,1,2,9,1,3,3,4,4,1,8500,0,0,11,3,10,0,9,1,6,3,2,1,0,1,0,2,0
40,0,1,2,2,1,3,2,1,4,0,4661,1,0,13,3,9,4,9,8,8,2,1,0,0,2,1,2,2
41,0,2,1,1,0,3,2,0,1,1,4103,0,0,17,3,10,2,9,1,7,0,2,1,0,3,0,0,0
35,0,2,2,4,1,3,2,1,3,0,4249,1,1,11,3,9,3,9,1,1,1,2,0,1,3,0,3,0
35,0,1,2,1,0,2,2,2,4,2,5363,0,0,12,3,10,0,9,0,0,0,4,1,3,3,0,0,0
58,0,1,2,1,0,3,5,7,1,2,19701,3,1,21,4,32,3,9,1,5,3,0,1,4,0,1,3,2
40,0,0,2,8,1,2,3,7,2,1,13757,2,0,11,3,16,5,9,4,8,0,0,1,0,2,1,2,1
53,0,1,2,2,1,4,4,7,2,0,16598,4,0,12,3,35,2,9,8,8,2,2,1,0,1,0,0,0
29,1,1,2,1,1,2,1,1,1,0,2362,6,0,13,3,11,2,9,0,7,3,1,1,4,3,0,0,0
38,0,1,1,14,1,3,2,0,2,2,9924,0,0,11,3,10,3,9,7,7,2,4,1,4,3,0,3,1
34,0,2,2,10,1,4,2,3,4,1,4724,1,0,13,3,9,3,9,7,2,3,0,0,1,1,0,1,1
49,0,1,2,25,0,3,1,2,1,2,3211,1,0,14,3,10,3,9,1,4,2,2,1,5,3,1,1,2
39,0,2,2,4,0,3,2,3,3,0,5042,0,0,13,3,10,2,9,3,8,1,3,0,5,2,0,3,2
32,0,1,2,2,1,3,2,1,2,1,5470,0,0,13,3,10,4,9,1,6,1,1,1,5,1,0,3,1
48,1,2,1,7,0,3,1,6,3,2,2655,2,1,11,3,19,3,9,7,7,0,4,0,3,0,0,1,1
39,0,0,2,1,1,3,2,2,4,2,6472,1,1,15,3,9,2,9,5,8,1,0,1,4,2,1,1,1
30,0,2,2,2,0,2,1,1,1,0,4968,0,0,16,3,10,2,9,0,7,2,3,0,0,2,0,3,2
33,0,0,2,4,1,3,2,1,2,1,3055,5,0,15,3,11,2,9,1,7,3,0,0,4,2,1,1,1
43,0,1,0,2,1,3,1,8,4,0,3539,0,0,13,3,10,5,9,1,8,3,2,1,3,1,0,0,1
46,1,1,2,21,0,3,2,4,2,2,8926,4,0,22,4,13,2,9,3,7,1,4,1,0,3,0,2,2
46,0,1,2,2,1,3,3,3,4,1,8578,3,0,14,3,12,4,9,4,7,0,4,1,2,3,1,1,1
27,0,1,1,23,0,2,2,6,3,2,3540,1,0,21,4,9,5,9,5,8,2,3,0,3,2,0,3,1
45,0,1,2,25,0,2,2,3,4,2,5906,0,0,13,3,10,2,9,3,8,2,4,0,3,1,1,3,1
33,0,2,2,7,1,3,2,4,3,1,5968,1,0,20,4,9,2,9,2,8,0,2,0,1,0,0,1,1
33,0,1,2,15,0,3,2,4,4,2,4878,0,1,13,3,10,6,9,8,1,2,2,1,0,3,0,3,2
52,0,0,1,29,1,3,1,6,4,1,3482,2,0,15,3,16,3,9,0,0,3,1,0,1,1,0,1,2
36,0,1,1,3,0,2,3,0,4,2,7644,0,0,19,3,10,2,9,3,4,1,1,1,5,0,1,0,2
35,0,1,0,26,0,3,3,8,4,0,8837,1,1,16,3,9,2,9,1,7,1,3,0,4,1,1,1,2
31,0,0,2,5,1,3,2,3,1,0,9936,0,0,19,3,10,2,9,1,7,3,4,0,2,2,0,3,1
49,0,2,1,2,1,2,2,0,2,2,5390,2,0,14,3,17,3,9,0,8,3,1,0,3,0,0,3,1
49,0,2,2,8,1,2,2,1,2,2,5130,1,0,23,4,10,3,10,1,7,1,1,1,2,0,0,0,0
29,0,1,2,21,0,4,3,3,1,1,9980,1,0,11,3,10,1,10,8,8,1,2,1,3,3,0,0,2
32,1,2,2,16,0,1,1,1,1,0,3919,1,1,22,4,10,5,10,6,7,0,2,1,1,2,0,1,0
30,0,1,2,9,1,2,1,2,3,0,2206,1,0,13,3,10,5,10,1,8,2,2,0,1,1,0,0,1
38,0,2,2,29,0,3,2,2,4,0,2406,1,0,11,3,10,2,10,9,9,0,1,1,1,0,0,3,2
32,0,1,2,1,1,3,2,1,2,2,6220,1,0,17,3,10,3,10,0,9,2,4,0,4,3,0,0,0
30,0,1,2,1,1,2,2,2,4,2,5126,1,1,12,3,10,1,10,3,0,1,0,0,2,2,1,3,2
51,0,1,1,21,1,3,2,0,4,0,5441,0,1,22,4,11,2,10,1,0,2,0,1,5,3,1,3,2
46,0,2,2,1,1,2,3,4,1,2,10673,2,1,13,3,21,5,10,9,5,3,1,0,4,3,0,2,1
30,0,2,2,23,1,1,1,1,3,1,2613,1,0,25,4,10,2,10,0,9,1,2,1,5,0,1,2,0
35,0,1,1,1,1,3,3,0,2,2,7295,1,0,13,3,10,3,10,0,6,3,3,1,0,0,1,2,1
29,0,0,2,1,1,3,2,3,3,2,4319,1,0,13,3,10,1,10,0,9,3,3,1,4,1,0,2,2
30,0,1,1,5,0,3,3,0,4,2,9419,2,0,12,3,12,2,10,7,4,3,4,0,1,2,1,0,0
34,0,2,2,2,1,2,2,3,3,2,9547,1,0,17,3,10,2,10,1,9,1,3,0,2,1,0,0,2
29,1,1,1,27,0,3,3,0,4,2,7639,1,0,22,4,10,3,10,1,9,2,0,1,0,0,1,1,1
51,0,1,2,8,1,2,3,7,2,2,12490,5,0,16,3,16,5,10,4,7,2,4,0,3,3,1,1,1
37,0,2,2,11,1,3,3,7,4,1,12185,1,1,14,3,10,1,10,0,7,0,3,1,5,0,0,0,0
35,0,2,1,1,0,3,3,0,3,0,8789,1,0,14,3,10,3,10,0,8,2,3,0,5,1,0,3,2
47,1,0,2,29,1,3,3,5,2,2,11849,1,1,12,3,10,2,10,9,9,2,3,0,3,1,0,2,1
50,0,1,2,4,1,3,5,7,2,1,19144,3,0,14,3,28,4,10,1,6,3,0,1,2,1,0,1,1
29,0,2,1,2,1,3,2,0,4,0,4554,1,0,18,3,10,3,10,0,9,3,3,1,2,2,1,2,1
55,0,1,2,20,1,3,2,2,4,2,5415,3,1,19,3,12,4,10,0,8,2,3,0,3,3,1,1,0
38,0,1,2,25,0,2,3,7,2,2,12061,3,0,17,3,19,2,10,0,1,1,2,0,0,1,0,1,2
33,0,2,2,5,0,3,3,5,2,2,11878,6,0,11,3,12,2,10,8,8,1,4,1,3,2,1,2,0
30,0,1,2,28,0,3,2,1,4,2,5775,1,0,13,3,11,2,10,1,9,3,1,0,4,1,1,1,1
31,0,2,2,7,0,2,3,3,3,2,8943,1,0,24,4,10,2,10,8,9,3,0,1,1,0,0,0,1
45,0,1,2,8,1,3,2,1,4,2,3697,9,0,14,3,12,3,10,9,8,1,3,0,4,0,1,0,0
30,0,1,1,5,0,2,2,0,3,1,6118,1,0,13,3,10,2,10,1,2,2,3,0,2,2,1,1,0
36,0,1,1,2,1,2,3,0,3,2,7596,1,0,13,3,10,2,10,9,0,0,3,1,1,2,0,3,2
41,0,1,1,1,1,4,3,0,1,2,8392,1,0,16,3,10,2,10,0,7,0,3,1,2,2,0,0,2
28,0,1,2,17,1,3,2,2,1,1,4558,1,0,12,3,10,2,10,1,8,1,0,0,2,1,1,3,0
46,0,1,2,18,0,3,2,3,3,1,4810,2,0,14,3,19,5,10,0,8,3,2,0,0,2,1,3,1
29,0,1,2,3,1,2,3,7,3,2,11935,1,0,18,3,10,2,10,0,7,2,0,0,0,1,0,1,0
36,0,0,1,10,1,3,3,0,4,0,9980,1,0,14,3,10,3,10,9,7,3,3,0,3,3,0,0,1
55,0,1,1,18,0,3,4,5,2,0,16835,3,0,23,4,37,2,10,7,7,1,3,0,2,0,1,1,0
42,0,1,2,24,1,3,3,3,1,2,7406,1,1,21,4,10,5,10,5,8,2,1,0,3,1,0,0,2
34,0,1,1,21,1,4,2,0,4,0,5337,1,0,12,3,10,3,10,5,7,1,1,1,2,3,0,3,2
52,0,1,2,6,1,3,2,1,1,1,5577,3,1,12,3,18,3,10,6,9,0,0,1,3,2,0,0,1
42,0,1,2,2,0,3,2,4,4,2,4089,1,0,13,3,10,4,10,2,2,0,1,0,5,0,0,3,0
34,0,1,2,1,1,3,1,1,4,2,2691,1,0,12,3,10,4,10,8,8,3,4,0,5,2,1,1,2
37,0,1,2,3,1,3,3,3,3,2,9434,1,0,15,3,10,2,10,7,8,2,4,0,0,1,0,1,2
33,1,2,2,3,1,3,1,1,1,0,3348,1,1,11,3,10,3,10,9,7,2,2,0,1,3,0,3,0
29,0,2,2,1,1,1,1,1,4,1,2720,1,0,18,3,10,5,10,2,8,1,0,0,4,0,0,3,0
32,0,1,1,10,1,3,2,0,4,0,5396,1,0,12,3,10,2,10,0,8,1,1,0,1,1,1,3,0
56,0,1,2,9,1,3,4,4,4,2,11103,7,0,11,3,30,1,10,1,1,0,0,1,4,1,1,0,0
32,0,2,2,24,1,3,2,2,4,2,5309,1,0,15,3,10,2,10,4,7,0,1,1,2,2,0,1,1
33,1,1,2,1,1,3,1,1,4,0,2686,1,1,13,3,10,2,10,7,8,1,1,0,2,0,0,2,1
36,0,0,1,8,1,2,3,0,1,0,7587,1,0,15,3,10,1,10,0,9,1,4,1,1,1,0,1,2
29,0,1,2,23,1,4,1,1,3,2,2700,1,0,24,4,10,3,10,0,7,3,0,1,0,2,0,0,2
35,1,2,2,25,0,3,1,1,2,1,2022,1,1,19,3,10,3,10,7,8,0,4,0,5,0,0,0,0
32,0,2,1,5,1,3,2,0,2,2,6524,1,0,14,3,10,3,10,5,3,2,0,0,5,3,0,0,0
37,0,0,1,19,1,3,3,0,2,0,7642,1,1,13,3,10,2,10,0,9,3,2,1,4,3,1,3,2
35,0,1,2,21,0,3,2,4,4,2,4014,1,1,25,4,10,2,10,0,7,1,4,0,2,2,0,3,1
35,0,1,1,3,1,3,3,0,4,1,7823,6,0,13,3,12,2,10,0,8,2,2,1,5,1,1,0,2
33,0,0,1,17,1,3,4,5,3,0,17444,1,0,11,3,10,2,10,6,0,3,4,1,0,2,1,1,1
54,0,1,2,17,0,3,3,3,3,2,10739,8,0,11,3,22,2,10,0,8,2,0,0,5,0,0,2,2
51,1,1,2,4,1,3,1,1,3,2,2461,9,1,12,3,18,2,10,2,7,1,2,0,1,1,0,3,2
28,1,0,2,24,1,2,3,4,1,0,8722,1,0,12,3,10,2,10,1,9,0,3,1,3,1,0,0,0
41,0,1,2,7,0,4,1,1,3,2,3376,1,0,13,3,10,3,10,0,8,3,3,1,2,1,0,3,0
29,0,1,2,8,1,2,2,3,4,2,5056,1,1,15,3,10,2,10,1,2,1,3,0,1,2,0,2,2
30,0,1,1,10,1,2,2,0,3,2,6578,1,0,18,3,10,3,10,1,4,3,0,0,4,3,1,0,2
29,0,1,2,6,0,3,1,2,4,2,3131,1,0,13,3,10,5,10,0,8,2,3,0,0,2,1,3,0
33,0,2,1,25,0,3,2,0,3,2,4539,1,0,12,3,10,3,10,0,1,2,3,1,5,2,0,0,0
30,0,1,2,7,1,3,2,2,3,1,3491,1,0,13,3,10,4,10,8,9,1,4,1,3,3,0,1,2
44,0,1,2,2,0,4,1,1,4,2,2011,1,0,13,3,10,5,10,7,7,1,1,1,1,3,1,2,1
54,0,1,2,3,1,3,4,7,4,2,17779,3,0,14,3,36,2,10,0,9,0,1,0,0,0,1,1,2
31,0,1,2,24,0,2,2,4,1,0,6812,1,0,19,3,10,2,10,1,8,0,0,1,5,0,0,2,2
34,0,2,0,11,1,2,2,8,2,2,4490,4,0,11,3,14,5,10,1,8,0,1,0,2,3,1,3,0
44,1,1,2,15,0,3,3,4,4,2,7978,1,0,11,3,10,2,10,0,5,3,2,1,5,1,0,1,1
32,0,1,1,8,1,4,2,0,4,2,6209,1,0,15,3,10,4,10,0,8,2,0,0,0,3,0,1,2
32,1,1,2,7,1,3,2,2,3,2,4883,1,0,18,3,10,3,10,1,1,1,3,0,0,2,1,0,0
31,0,0,1,2,0,3,3,0,3,1,9852,1,1,19,3,10,5,10,9,6,3,3,1,5,0,1,2,0
34,0,1,1,15,0,3,2,0,1,0,6125,1,0,12,3,10,6,10,9,6,3,1,0,4,1,1,2,0
58,1,1,2,7,0,2,3,3,1,2,10008,7,1,14,3,31,0,10,5,9,1,3,0,3,2,0,3,2
48,0,1,2,4,1,3,3,3,4,0,7898,1,0,11,3,11,2,10,0,8,3,3,1,0,2,1,2,1
31,1,1,2,22,1,3,2,3,3,2,6179,1,1,15,3,10,3,10,6,7,0,4,0,5,1,0,1,1
29,0,1,0,17,1,2,3,8,1,0,7988,1,0,13,3,10,3,10,0,9,3,0,1,2,2,1,0,1
36,0,1,2,4,1,2,2,2,4,0,5810,1,0,16,3,10,2,10,1,8,0,4,0,4,2,0,1,2
31,1,2,2,1,0,4,3,3,2,0,7446,1,0,11,3,10,2,10,4,7,2,1,0,2,2,1,3,1
29,0,1,1,19,1,2,2,0,3,1,8620,1,0,14,3,10,3,10,0,4,0,1,0,0,0,0,2,0
34,0,1,1,1,1,2,3,0,3,2,7083,1,1,14,3,10,3,10,8,6,1,4,0,3,2,1,3,1
37,0,1,2,13,1,3,2,1,4,2,4285,1,0,17,3,10,2,10,3,7,3,2,1,1,3,0,3,0
45,0,1,2,1,1,3,3,4,2,1,7441,1,0,12,3,10,4,10,7,7,3,4,1,4,0,0,1,2
30,1,1,1,1,1,2,2,0,1,2,9714,1,0,11,3,10,4,10,6,7,2,0,0,5,1,0,1,2
29,0,1,2,3,1,3,1,2,1,0,4723,1,1,18,3,10,3,10,1,5,3,1,0,3,1,1,2,0
35,0,1,2,28,1,4,2,2,3,2,3407,1,0,17,3,10,3,10,6,8,3,3,1,3,3,1,0,1
45,0,1,2,5,0,1,2,2,1,0,5769,1,1,14,3,10,3,10,1,4,3,2,0,4,3,1,2,2
45,0,0,1,26,1,2,2,0,1,2,4385,1,0,15,3,10,2,10,4,5,1,0,1,3,3,1,3,0
39,0,1,2,3,1,2,2,2,3,1,3069,0,0,15,3,11,3,10,0,7,1,0,0,5,0,1,1,1
45,0,1,2,2,0,2,2,3,4,1,5770,1,0,19,3,10,3,10,3,9,0,2,0,1,3,1,0,2
44,0,2,0,1,1,3,2,8,4,2,5743,4,1,11,3,14,3,10,0,2,2,4,1,3,2,1,0,2
54,0,1,2,22,0,3,4,5,3,2,17426,3,0,25,4,36,6,10,4,7,0,3,0,1,0,0,0,1
29,0,1,1,5,1,2,2,0,2,1,4187,1,1,13,3,10,3,10,0,9,2,3,0,4,3,0,3,1
31,0,1,1,5,0,3,2,0,4,2,5476,1,0,11,3,10,2,10,0,2,2,1,0,5,2,0,0,1
34,0,1,2,19,0,2,1,1,4,2,2929,1,0,12,3,10,3,10,8,7,0,4,0,0,2,0,1,0
43,0,1,1,2,1,3,2,0,4,2,7847,1,1,17,3,10,3,10,8,8,1,4,1,5,0,1,1,1
41,0,1,1,6,1,3,3,0,3,0,9241,1,0,12,3,10,3,10,8,7,2,3,0,5,3,1,2,2
46,0,1,2,13,1,3,2,4,2,0,5562,6,0,14,3,19,3,10,0,9,0,1,0,4,2,0,1,1
30,0,1,2,16,1,3,1,1,4,2,2862,1,0,12,3,10,2,10,0,8,1,3,0,3,3,1,1,2
46,0,1,1,2,1,3,3,0,4,1,10368,4,1,12,3,13,5,10,0,3,3,3,0,0,1,1,3,1
37,0,1,0,8,1,3,2,8,2,1,4071,2,0,13,3,19,4,10,4,7,2,0,1,2,1,0,0,1
35,1,1,1,27,1,3,2,0,4,0,5813,1,1,18,3,10,2,10,7,7,1,2,1,4,1,1,1,1
33,0,1,2,8,1,4,1,1,1,2,3143,6,0,19,3,14,1,10,7,6,3,3,1,0,0,0,2,2
37,1,1,2,10,1,3,2,3,1,0,4213,1,0,15,3,10,4,10,0,8,3,1,1,4,2,1,3,0
34,0,1,1,8,1,4,2,0,3,2,6799,1,0,21,4,10,5,10,4,8,1,4,1,0,3,1,0,0
36,0,1,1,10,0,2,2,0,3,2,5673,1,1,13,3,10,4,10,1,7,2,2,0,4,1,1,2,2
31,0,1,2,20,1,3,2,2,3,1,4197,1,0,11,3,10,2,10,0,2,3,2,0,4,1,0,2,1
36,0,2,0,2,1,2,2,8,4,0,3886,1,0,21,4,10,2,10,0,8,3,2,0,1,3,0,0,2
33,0,1,1,10,1,3,2,0,3,0,5487,1,0,14,3,10,2,10,0,9,3,4,1,0,1,1,2,0
39,0,1,2,9,1,3,2,3,1,2,5151,1,0,25,4,10,3,10,7,9,2,3,0,5,2,1,1,1
31,0,2,2,1,1,1,2,1,1,2,5003,1,0,21,4,10,6,10,8,7,1,2,1,3,3,1,2,0
35,0,1,1,7,0,3,2,0,4,2,5204,1,1,11,3,10,2,10,0,9,0,2,1,0,2,0,2,2
31,1,2,1,26,1,3,2,0,4,2,5617,1,1,11,3,10,4,10,0,8,0,4,1,1,0,0,1,1
43,0,1,2,11,1,3,3,4,3,2,7510,1,0,17,3,10,1,10,0,9,0,0,0,1,1,0,1,1
55,0,1,0,26,1,4,5,5,2,2,19636,4,1,18,3,35,0,10,1,4,0,0,1,1,3,0,2,0
40,0,2,2,11,0,3,2,2,3,2,6323,1,0,11,3,10,2,10,9,4,1,4,1,5,3,1,0,1
35,0,1,2,9,1,3,2,1,3,0,5098,1,0,19,3,10,5,10,0,8,1,0,1,2,0,1,0,0
56,1,1,2,7,1,3,1,2,3,2,2339,8,0,11,3,14,4,10,9,8,2,3,0,5,3,0,3,1
38,0,1,1,10,0,3,2,0,4,2,5343,1,0,11,3,10,1,10,1,9,1,0,0,2,1,0,1,2
35,0,2,2,18,1,3,2,4,3,2,5689,1,1,14,3,10,2,10,0,2,2,1,0,5,1,1,2,1
31,0,1,2,8,0,3,2,3,4,0,4424,1,0,23,4,11,2,11,1,8,0,2,0,2,0,0,2,0
30,0,1,2,2,1,2,2,4,4,2,4152,1,0,19,3,11,3,11,10,8,3,0,1,4,1,1,3,0
30,0,1,1,4,0,2,2,0,2,1,5209,1,1,12,3,11,4,11,2,7,1,1,0,1,1,1,1,0
32,0,1,1,6,1,3,2,0,3,0,5010,1,0,16,3,12,0,11,5,7,0,2,0,2,1,0,1,1
34,0,1,2,5,0,2,3,5,1,0,11631,2,0,12,3,14,6,11,5,8,0,3,1,0,1,0,1,1
30,0,1,0,9,1,3,2,8,4,2,6347,0,1,19,3,12,2,11,4,7,2,3,0,5,2,0,1,0
30,0,0,2,1,1,2,3,3,3,0,8474,1,0,22,4,12,2,11,5,8,1,3,1,4,2,0,0,0
29,0,2,1,1,0,3,3,0,4,2,7918,1,0,14,3,11,5,11,4,1,2,0,1,3,3,1,0,2
34,0,1,2,2,1,2,2,3,1,2,5957,6,0,13,3,13,3,11,5,9,0,3,1,3,2,1,0,0
35,0,1,1,16,1,3,3,0,2,2,8020,0,0,15,3,12,3,11,6,9,2,4,0,1,3,1,2,2
38,0,1,2,15,1,2,3,7,4,1,11510,0,1,14,3,12,3,11,2,9,1,4,0,1,3,0,1,0
31,0,1,2,7,0,3,3,3,4,0,7143,1,1,14,3,11,2,11,4,10,0,3,0,4,3,1,3,2
30,0,0,2,2,0,3,1,2,4,0,2564,0,0,14,3,12,2,11,6,7,1,0,0,0,0,0,2,1
35,0,1,1,1,1,3,2,0,3,2,4717,9,0,11,3,15,2,11,6,9,0,2,1,5,1,0,1,1
36,0,1,2,2,1,3,1,2,3,0,2519,4,0,21,4,16,6,11,3,9,1,2,1,0,3,0,3,2
40,0,1,2,20,1,3,3,4,4,2,10322,4,0,20,4,14,6,11,11,1,0,1,0,3,3,1,2,1
36,0,0,2,18,1,3,2,3,4,0,7779,2,0,20,4,18,0,11,0,9,2,4,0,4,3,0,0,0
29,1,1,1,23,0,2,3,0,1,2,7336,1,0,13,3,11,3,11,3,10,0,3,0,3,2,1,2,2
60,0,1,1,7,1,4,2,0,4,1,5220,0,1,18,3,12,3,11,1,9,2,4,0,3,1,0,2,0
30,0,1,2,1,1,3,1,1,2,2,3579,0,1,21,4,12,2,11,5,7,0,0,1,0,1,0,1,2
36,0,2,2,3,1,3,1,1,2,2,3692,1,0,12,3,12,2,11,0,7,2,1,0,4,3,1,2,2
46,0,1,1,4,0,2,5,5,2,2,18789,2,0,14,3,26,2,11,0,8,2,0,1,0,2,0,3,2
34,0,2,2,19,0,3,2,2,2,1,4444,4,0,13,3,15,2,11,5,10,2,1,0,1,2,1,1,0
35,0,1,2,16,0,2,3,4,2,0,8606,1,0,19,3,11,3,11,3,3,1,3,1,5,3,1,2,1
34,0,1,1,7,1,3,1,6,3,2,2308,0,1,25,4,12,4,11,5,7,2,3,0,1,2,1,0,0
34,0,1,2,3,0,3,2,1,2,1,5433,1,0,12,3,11,2,11,7,9,0,1,0,0,3,0,1,2
35,1,2,1,12,1,3,2,0,4,0,4581,3,1,24,4,13,2,11,6,7,2,1,1,4,0,1,0,0
33,0,0,1,2,0,3,2,0,2,0,5147,8,0,15,3,13,2,11,1,7,3,2,1,5,2,0,2,1
38,0,0,0,2,1,3,1,8,2,1,2592,5,0,13,3,13,3,11,3,8,0,3,1,5,3,1,3,2
29,0,2,2,20,1,3,1,2,4,2,3812,1,0,13,3,11,3,11,3,10,0,2,1,1,2,0,3,2
31,0,0,2,10,0,3,3,7,3,2,11031,4,0,20,4,13,2,11,4,8,0,2,0,1,2,1,1,2
40,0,1,1,2,0,3,2,0,2,2,5677,3,0,14,3,15,4,11,5,10,3,2,0,3,2,1,2,2
34,0,1,2,7,0,3,3,7,2,0,11994,0,0,11,3,13,4,12,2,11,3,0,0,3,2,1,1,1
30,0,2,2,1,0,3,2,2,4,0,4011,1,0,23,4,12,2,12,3,7,1,4,0,1,1,1,0,0
40,0,1,1,4,1,2,3,0,4,2,10855,7,0,11,3,15,2,12,2,11,1,1,1,1,1,0,2,2
30,0,0,2,9,1,3,2,2,1,1,3072,1,0,11,3,12,4,12,6,10,1,1,1,3,1,0,3,2
53,0,1,2,23,0,3,4,7,4,0,14275,6,0,18,3,33,0,12,3,8,0,0,1,4,1,1,2,1
50,0,1,2,24,1,3,4,3,3,2,13973,3,1,18,3,22,2,12,1,5,0,2,1,3,2,1,3,1
44,0,1,1,28,0,4,4,0,4,2,13320,3,1,18,3,23,2,12,11,11,1,0,1,4,2,0,1,1
46,0,1,1,3,1,3,4,5,3,2,17465,3,0,12,3,23,3,12,4,9,1,2,1,5,0,1,0,1
40,0,1,2,2,0,4,2,4,3,1,6377,5,0,20,4,15,0,12,11,8,0,2,0,5,3,0,1,1
42,0,2,2,9,0,3,1,2,4,0,3673,1,0,13,3,12,3,12,5,8,3,0,0,3,2,0,3,2
57,0,1,2,1,1,4,2,1,3,2,4900,0,0,24,4,13,2,12,2,8,1,3,1,0,1,0,2,2
31,0,1,1,29,0,2,2,0,4,2,5468,1,0,14,3,13,3,12,5,7,0,3,1,2,0,0,2,0
36,0,1,2,10,1,3,3,4,1,2,8321,7,1,13,3,15,1,12,5,7,2,1,0,1,0,0,1,2
30,0,1,2,1,1,3,1,2,2,2,3748,1,0,13,3,12,6,12,1,7,1,0,0,2,1,0,0,0
38,0,0,2,6,0,1,2,1,4,1,5329,7,1,12,3,17,3,13,1,9,3,1,1,2,2,1,3,0
51,0,2,2,1,0,2,3,4,1,0,7484,3,0,20,4,23,1,13,12,8,0,2,1,2,3,0,3,1
36,0,1,2,5,1,3,2,2,2,0,5914,8,0,16,3,16,3,13,3,7,1,2,0,0,2,1,3,2
32,0,1,1,7,1,2,2,0,3,2,5484,1,0,14,3,13,3,13,4,8,2,0,0,1,1,0,1,0
32,0,1,1,8,0,2,2,0,2,2,5228,1,1,11,3,13,2,13,11,9,3,1,0,2,0,0,3,1
36,0,2,1,3,1,2,3,0,4,2,9699,4,0,11,3,16,2,13,1,12,0,4,0,2,0,1,2,2
31,0,1,2,7,0,3,2,3,1,2,4306,1,0,12,3,13,5,13,3,12,3,1,0,4,0,1,2,1
37,0,0,2,25,0,3,2,1,3,2,4449,3,1,15,3,15,2,13,10,7,1,2,1,3,1,0,3,2
31,0,1,2,9,1,3,3,3,2,1,10648,1,0,25,4,13,6,13,0,8,3,0,0,3,3,1,3,1
33,0,2,2,6,1,3,2,4,4,1,7725,3,0,23,4,15,2,13,4,7,1,2,0,2,0,1,1,1
33,0,1,2,7,1,3,3,7,3,2,11691,0,0,11,3,14,3,13,3,7,1,3,0,2,3,1,0,0
35,0,1,2,25,1,2,3,3,2,2,10903,3,0,16,3,16,2,13,4,8,2,4,1,4,1,1,2,1
33,1,2,2,29,0,2,2,1,3,0,4508,1,0,22,4,14,4,13,3,8,1,1,1,1,3,1,0,0
34,0,2,2,1,1,2,2,4,1,0,5343,0,0,20,4,14,3,13,4,9,3,1,1,5,1,0,3,1
35,0,0,1,8,0,2,3,0,4,2,10377,4,1,11,3,16,6,13,4,12,3,2,1,1,0,1,1,1
31,0,1,1,8,1,3,3,0,4,1,10793,1,0,18,3,13,5,13,9,9,3,4,1,1,1,0,3,2
34,0,1,1,3,1,1,2,0,1,0,4759,3,0,18,3,15,2,13,3,12,0,4,1,3,3,0,2,2
46,0,1,1,3,0,3,4,5,2,2,16606,8,0,12,3,23,2,13,5,1,3,3,0,5,3,1,2,0
35,1,1,1,10,1,2,3,0,1,2,10306,9,0,17,3,15,3,13,6,0,1,3,0,4,2,1,2,2
38,0,2,2,1,1,3,2,1,4,2,4735,7,0,15,3,19,4,13,2,9,2,1,0,5,3,0,3,0
36,0,1,1,2,0,3,2,6,4,0,4502,3,0,15,3,17,2,13,6,7,3,3,0,0,0,1,3,1
42,0,1,2,6,1,3,3,7,1,2,13348,9,0,13,3,18,3,13,5,7,1,4,0,2,3,1,3,0
47,0,0,2,1,0,3,3,7,2,2,11957,0,0,18,3,14,3,13,5,12,3,0,1,3,1,1,1,2
56,0,0,2,1,1,3,2,4,3,1,6306,1,0,21,4,13,2,13,1,9,3,4,1,5,0,1,3,2
53,0,1,2,5,0,3,5,5,3,1,19094,4,0,11,3,26,3,14,4,8,2,2,0,5,2,1,2,0
32,1,1,1,4,1,1,3,0,4,2,10400,1,0,11,3,14,2,14,9,8,3,1,0,2,3,1,1,2
41,0,0,1,10,1,3,2,0,4,0,6230,7,0,14,3,16,3,14,1,10,2,1,1,5,1,0,3,0
53,0,1,1,1,0,3,2,0,1,0,8381,7,0,20,4,18,2,14,8,10,3,3,0,4,1,0,2,2
32,0,1,2,4,0,2,2,3,3,2,6162,1,0,12,3,14,3,14,6,8,3,1,1,3,0,0,0,2
37,1,1,1,1,1,2,3,0,3,2,10609,5,0,11,3,17,2,14,11,7,2,0,1,4,2,1,1,1
36,0,1,2,12,0,2,3,3,4,0,8858,0,0,11,3,15,2,14,7,8,3,3,1,0,3,0,0,2
37,0,1,2,1,0,2,2,3,4,2,6474,1,0,13,3,14,2,14,3,11,3,0,0,1,3,1,3,2
33,0,1,2,9,1,3,1,1,4,2,2781,0,0,13,3,15,5,14,4,10,3,3,1,3,3,1,2,2
34,0,1,2,2,0,3,2,4,4,0,6687,1,0,11,3,14,2,14,4,11,0,2,1,3,3,0,3,1
34,0,2,2,15,1,3,4,7,1,1,17007,7,0,14,3,16,3,14,6,9,2,4,1,4,3,1,1,2
54,0,2,2,11,0,3,4,5,4,1,16032,3,0,20,4,26,2,14,1,12,0,4,1,3,1,0,1,1
35,0,0,2,8,0,3,2,4,3,2,4148,1,0,12,3,15,5,14,2,9,0,1,0,3,2,1,1,2
50,0,1,2,17,0,2,3,7,1,1,13269,5,0,15,3,19,3,14,1,11,1,4,1,0,3,0,1,2
43,0,1,2,15,1,2,4,7,3,2,17603,1,0,24,4,14,3,14,6,11,0,0,0,5,3,0,2,0
33,0,1,2,21,1,4,1,2,2,2,2028,1,0,18,3,14,6,14,2,13,3,2,1,3,0,0,0,0
34,0,1,1,1,1,3,3,0,4,0,9888,1,0,21,4,14,3,14,2,1,0,2,1,1,3,0,1,0
32,0,1,1,1,0,3,3,0,4,2,10422,1,0,19,3,14,3,14,5,7,2,0,0,0,2,0,2,1
33,0,2,2,1,0,3,3,7,4,0,13458,1,1,12,3,15,1,15,8,12,1,4,1,0,3,1,0,2
35,0,1,1,1,1,2,2,0,1,0,4312,0,0,14,3,16,2,15,2,8,0,4,1,5,2,0,0,0
49,0,1,2,20,0,3,2,3,1,2,6567,1,0,14,3,16,2,15,5,11,0,4,0,2,1,1,3,0
39,0,1,1,4,0,2,2,0,3,2,5902,4,0,14,3,17,1,15,5,9,2,2,1,4,2,1,1,1
36,0,1,2,6,1,3,1,2,4,2,3210,0,0,11,3,16,4,15,10,11,1,0,1,4,3,0,1,2
38,0,2,2,2,0,4,2,3,1,0,5980,6,1,12,3,17,2,15,4,12,0,0,0,4,1,1,0,0
38,0,1,2,1,0,3,3,7,1,2,13582,1,0,13,3,15,3,15,5,11,1,4,1,2,3,1,2,0
48,0,1,2,4,1,2,3,4,3,0,10999,7,0,14,3,27,3,15,4,8,3,4,0,3,1,1,3,1
34,0,1,1,1,1,4,2,0,4,1,9725,0,0,11,3,16,2,15,0,9,2,0,0,0,1,1,1,2
53,0,2,1,2,0,2,3,0,2,2,7525,2,0,12,3,30,2,15,6,12,3,2,0,5,2,1,2,1
45,0,0,1,9,0,2,2,0,3,2,5593,1,0,13,3,15,2,15,4,12,3,1,0,3,1,0,3,1
36,0,2,1,7,0,4,2,0,1,2,4639,2,0,16,3,17,2,15,6,13,3,2,1,4,2,1,1,0
34,1,1,1,24,0,2,2,0,2,0,4599,0,1,23,4,16,2,15,10,10,2,4,0,0,0,0,0,0
33,0,1,2,28,1,3,2,2,3,2,5207,1,1,12,3,15,3,15,5,7,2,4,0,0,2,0,3,2
49,0,1,2,6,0,2,4,4,3,2,13966,2,1,19,3,30,3,15,2,12,3,3,0,5,3,1,1,1
34,0,1,2,5,1,2,2,2,4,2,3986,1,0,14,3,15,3,15,4,13,0,3,1,3,1,0,1,0
34,0,0,1,10,1,3,2,0,3,1,4001,1,1,14,3,15,3,15,0,7,3,2,0,0,2,0,3,2
34,0,2,2,22,1,2,2,1,4,2,5747,1,1,15,3,16,3,15,6,11,1,1,1,3,3,0,1,2
38,0,1,1,1,1,3,2,0,2,2,4440,0,0,15,3,16,3,15,5,8,3,0,1,1,0,1,2,1
36,0,0,1,15,1,1,2,0,4,1,5406,1,0,24,4,15,4,15,11,11,1,0,0,0,2,1,2,2
34,0,1,2,6,0,3,2,1,3,0,4809,1,0,14,3,16,3,16,2,10,0,3,1,5,3,0,1,0
38,0,1,1,3,1,3,3,0,3,1,10609,0,0,12,3,17,6,16,5,13,2,1,1,0,0,1,0,1
35,0,1,2,5,1,3,3,3,2,0,8095,0,0,13,3,17,5,16,0,13,3,0,0,5,1,0,1,1
36,0,1,2,14,1,3,2,4,4,2,6586,0,1,17,3,17,2,16,4,11,2,4,1,5,2,1,1,1
36,1,1,1,3,1,2,3,0,4,2,10325,1,1,11,3,16,6,16,3,7,2,4,0,0,0,0,3,1
35,0,1,2,25,0,3,3,4,3,1,10388,1,1,11,3,16,3,16,10,1,2,1,0,0,3,1,2,2
46,0,1,2,8,0,2,2,1,1,1,4615,8,1,23,4,19,2,16,1,7,0,2,0,5,0,1,2,1
36,0,1,2,2,0,3,2,3,2,0,5410,9,1,11,3,18,2,16,5,12,0,1,1,4,2,1,2,0
35,0,1,2,18,1,4,2,1,1,2,5208,1,0,11,3,16,2,16,1,10,2,2,1,5,1,0,1,2
58,0,0,1,2,1,3,4,5,2,1,16291,4,0,22,4,37,0,16,14,14,0,3,0,4,0,0,2,1
43,0,1,2,6,0,2,5,5,3,2,19392,7,0,13,3,21,2,16,6,14,1,0,0,2,1,1,2,2
37,0,1,2,10,0,4,3,7,4,2,13744,1,1,25,4,16,2,16,6,8,2,0,0,5,2,0,2,0
36,0,1,2,8,0,3,3,4,3,1,10096,1,0,13,3,17,2,17,12,8,3,1,0,4,1,1,3,1
45,0,1,2,9,1,3,2,2,2,1,2348,8,0,18,3,20,2,17,0,15,2,4,0,4,3,0,1,2
43,0,1,1,16,0,3,4,5,4,2,16064,5,1,22,4,22,3,17,1,9,2,0,1,1,0,0,1,1
37,0,1,2,1,0,3,1,1,4,0,2115,1,0,12,3,17,3,17,5,7,2,1,1,3,0,0,2,0
35,0,1,2,6,1,1,2,1,4,0,6646,1,0,13,3,17,3,17,11,8,2,2,0,0,1,1,3,1
35,0,1,2,9,0,2,3,3,3,2,10685,1,1,20,4,17,2,17,5,15,3,2,1,5,1,0,1,2
53,0,1,1,2,1,3,4,5,3,1,14852,6,0,13,3,22,3,17,15,2,0,2,0,3,3,0,1,1
36,1,1,2,16,0,4,1,2,1,0,2743,1,0,16,3,18,1,17,15,14,2,2,0,2,1,1,0,0
47,0,1,2,25,1,3,3,4,3,0,8633,2,0,23,4,25,3,17,12,11,0,1,1,0,2,1,2,2
39,0,1,2,1,1,4,3,4,4,1,9613,0,0,17,3,19,5,18,3,7,0,1,0,4,3,1,2,1
37,0,1,2,14,0,3,1,2,1,1,3034,1,0,12,3,18,2,18,12,17,1,3,1,1,3,0,1,0
60,0,2,1,28,0,2,3,0,1,2,10266,4,0,19,3,22,5,18,13,11,0,4,1,3,1,0,3,0
41,0,1,1,2,0,3,4,5,1,2,16595,7,0,16,3,22,2,18,11,8,2,2,0,1,3,0,1,1
40,0,2,1,5,1,2,3,0,1,2,10475,5,1,21,4,20,2,18,1,12,1,0,1,0,2,1,2,2
36,0,1,1,1,1,3,2,0,4,2,6201,1,1,14,3,18,1,18,4,11,0,0,0,2,0,0,1,1
41,0,1,2,6,1,3,1,2,1,0,4721,2,1,13,3,20,3,18,2,17,0,2,0,0,0,1,2,1
41,0,2,2,9,1,3,5,7,3,1,19419,2,0,17,3,21,2,18,0,11,3,4,0,2,2,1,2,1
50,0,0,1,1,0,3,2,0,3,2,6347,0,0,12,3,19,3,18,0,13,0,4,0,2,2,0,1,2
39,1,2,2,2,1,3,4,4,4,1,12169,7,0,11,3,21,4,18,11,5,2,2,1,4,1,1,2,1
40,0,2,2,9,0,3,3,7,3,0,13499,9,0,17,3,20,3,18,2,13,1,4,0,0,0,0,3,1
40,0,1,2,15,0,2,3,3,3,2,10435,1,0,13,3,18,2,18,14,12,2,0,0,4,0,0,2,0
38,0,1,2,10,0,1,3,7,3,2,13206,3,0,12,3,20,3,18,1,11,1,4,0,3,1,1,0,0
45,0,0,1,6,0,2,3,0,4,0,8865,6,0,12,3,23,2,19,12,8,1,2,0,3,3,1,1,1
39,0,2,2,2,0,3,3,4,3,0,10938,0,0,25,4,20,1,19,11,8,0,0,0,2,3,1,2,1
47,0,2,2,16,1,4,2,3,3,1,5067,1,1,19,3,20,3,19,2,7,2,1,1,5,3,1,2,0
38,0,1,2,17,0,2,3,4,3,2,8823,0,0,18,3,20,4,19,1,9,3,4,1,4,1,1,3,0
39,0,1,2,13,0,2,4,5,2,1,17123,6,1,13,3,21,4,19,15,2,0,0,0,0,1,1,2,0
41,0,0,1,10,1,1,2,0,2,0,6151,1,0,13,3,19,4,19,11,9,0,1,0,3,0,0,1,1
55,0,1,2,2,0,1,5,5,3,2,19187,4,0,14,3,23,5,19,9,11,3,0,1,3,0,1,2,1
55,1,1,1,13,1,4,4,0,3,0,13695,6,1,17,3,24,2,19,3,8,0,3,1,2,0,0,3,2
56,0,1,2,23,1,3,4,3,2,2,13402,4,1,12,3,33,0,19,15,9,1,2,0,0,3,1,3,1
46,0,1,1,3,0,4,4,0,1,1,13225,2,0,12,3,25,5,19,2,8,2,0,0,5,0,0,2,0
40,0,1,2,1,1,3,4,5,1,1,16823,2,0,11,3,22,3,19,11,16,1,2,0,4,2,0,1,1
51,0,1,2,6,1,3,5,7,3,0,19537,7,0,13,3,23,5,20,15,15,3,1,1,1,1,0,0,2
40,0,2,2,26,0,3,2,1,2,1,5605,1,0,11,3,20,2,20,2,13,2,4,1,4,3,0,1,0
40,0,1,2,4,0,3,5,5,3,2,19033,1,0,14,3,21,2,20,9,9,3,1,0,2,1,0,3,2
45,0,0,2,2,1,2,4,5,4,2,16792,9,0,23,4,22,1,20,11,8,3,1,1,5,2,1,0,0
45,0,1,2,20,1,3,4,4,4,2,13496,0,1,14,3,21,2,20,4,10,3,0,0,3,2,1,1,0
42,0,1,1,1,1,3,2,0,3,2,4907,1,0,25,4,20,3,20,11,6,0,1,0,5,2,0,0,2
42,0,2,1,26,0,3,4,0,2,2,13525,5,0,14,3,23,2,20,4,8,1,1,1,5,3,1,2,1
40,0,1,1,2,0,3,5,5,3,2,18041,0,0,14,3,21,2,20,1,12,2,4,1,2,0,1,1,0
40,0,1,2,6,0,3,4,3,3,0,13237,7,0,15,3,22,3,20,5,13,1,2,0,3,0,0,1,1
50,0,1,2,28,1,4,1,2,3,2,3221,1,1,11,3,20,3,20,3,8,3,0,0,2,2,0,0,0
39,0,1,2,2,0,2,2,4,3,0,4553,1,0,11,3,20,4,20,11,10,0,3,1,5,3,0,3,0
51,0,1,1,26,0,3,4,5,3,2,16307,2,0,14,3,29,2,20,4,17,2,4,1,0,1,1,2,0
44,1,1,0,1,1,2,3,8,1,2,10482,9,0,14,3,24,1,20,3,6,1,2,0,1,2,0,3,1
40,0,1,2,14,1,2,5,7,3,0,19626,1,0,14,3,21,2,20,4,9,0,3,0,3,2,1,3,1
44,0,1,2,29,1,3,2,1,4,0,4541,1,0,25,4,20,3,20,13,17,1,1,1,3,0,1,3,0
42,0,0,2,2,1,3,4,5,3,2,17861,0,1,13,3,21,3,20,2,10,1,1,1,4,2,0,2,1
43,0,1,2,6,0,2,2,1,3,0,4081,1,1,14,3,20,3,20,1,8,1,1,1,5,1,1,1,2
42,0,1,0,10,0,3,4,5,1,2,16799,0,0,14,3,21,5,20,0,9,1,3,0,4,0,1,1,1
54,0,1,2,1,0,3,4,7,4,0,17328,6,0,19,3,29,3,20,12,7,3,1,1,0,2,1,2,0
47,0,1,2,2,0,3,4,7,3,2,17169,3,0,19,3,26,2,20,5,6,3,4,1,2,0,0,2,2
44,0,1,2,28,1,3,4,7,1,2,16328,3,0,13,3,24,1,20,14,17,1,1,1,1,2,1,0,2
42,0,2,2,2,1,3,3,4,4,2,10124,2,1,14,3,24,3,20,13,9,1,2,0,3,2,1,2,1
38,0,2,2,8,0,2,2,1,2,1,2133,1,1,16,3,20,3,20,0,7,2,0,1,5,1,1,0,0
39,0,1,1,15,1,3,4,0,1,0,13341,0,0,12,3,21,3,20,11,10,1,3,0,2,0,1,0,1
42,0,0,2,23,1,2,2,1,3,0,4332,1,0,12,3,20,2,20,3,7,3,4,1,1,1,1,0,1
41,0,1,2,28,0,2,4,3,2,2,13570,0,0,23,4,21,3,20,0,10,2,1,0,0,1,0,1,1
39,0,1,1,24,0,2,4,0,4,2,12031,0,0,11,3,21,2,20,9,6,1,2,1,0,0,1,2,1
59,0,1,1,25,0,3,3,0,1,0,7637,7,0,11,3,28,3,21,7,9,0,4,1,2,3,1,3,2
40,0,1,2,2,1,3,5,7,3,1,19436,0,0,19,3,22,5,21,3,9,3,0,1,3,2,0,2,1
39,0,1,2,10,1,3,4,5,1,2,17068,1,1,14,3,21,3,21,11,10,3,1,0,4,0,1,3,1
39,0,2,2,7,1,2,5,5,4,2,19272,1,0,15,3,21,2,21,13,3,3,0,0,3,0,0,1,2
39,0,2,2,1,1,3,5,5,3,1,19197,1,1,14,3,21,3,21,1,6,1,4,0,2,1,1,3,0
41,0,1,0,10,1,2,5,5,4,1,19141,3,0,15,3,23,2,21,12,6,1,0,0,2,0,0,0,0
39,0,1,2,1,0,2,4,3,4,2,12742,1,0,16,3,21,3,21,11,8,3,0,1,3,0,0,1,2
41,0,0,2,7,0,1,5,7,3,1,19973,1,0,22,4,21,3,21,5,10,2,2,0,3,3,0,2,1
39,0,2,2,22,0,3,3,3,1,0,10880,1,1,13,3,21,2,21,2,8,2,2,1,2,0,1,0,1
42,1,2,1,12,1,3,4,0,1,0,13758,0,1,12,3,22,2,21,13,14,1,2,1,4,1,0,1,1
43,0,1,1,4,0,2,3,0,4,0,10231,3,0,14,3,23,3,21,15,17,1,1,1,3,0,0,2,0
40,0,1,0,6,1,3,4,5,4,0,16437,1,1,21,4,21,2,21,7,7,2,2,1,4,3,0,1,0
45,0,1,2,28,0,2,4,7,2,0,16704,1,0,11,3,21,2,21,8,6,0,2,1,4,2,1,0,1
40,0,1,1,7,1,3,5,5,2,0,19833,1,0,14,3,21,3,21,12,8,1,2,1,0,1,0,3,2
44,0,1,2,7,0,2,3,4,4,2,10248,3,0,14,3,24,4,22,5,17,0,3,1,4,1,0,3,1
41,1,1,2,12,0,3,5,7,3,2,19545,1,0,12,3,23,0,22,15,8,0,1,1,4,2,1,2,0
40,0,2,2,1,1,2,4,4,2,2,13503,1,0,22,4,22,3,22,11,11,2,1,0,2,3,0,1,1
42,0,1,2,4,1,3,5,5,4,2,19232,1,0,11,3,22,3,22,11,15,0,3,0,3,2,0,0,1
41,0,1,1,2,1,3,4,5,2,0,16015,1,0,19,3,22,2,22,0,4,0,0,0,1,0,1,3,0
41,0,1,0,1,1,2,5,5,3,2,19189,1,0,12,3,22,3,22,2,10,1,0,1,4,0,1,2,2
47,0,2,1,3,0,3,4,0,3,1,13770,9,1,12,3,28,2,22,11,13,0,4,1,4,3,0,0,1
42,0,1,2,2,1,3,4,5,1,2,17665,0,0,17,3,23,3,22,13,7,1,0,1,0,0,1,2,1
44,0,1,1,5,1,3,5,5,2,2,18213,7,0,11,3,26,5,22,3,10,0,3,1,4,0,1,3,2
44,0,1,2,7,0,3,5,7,4,1,19049,0,1,14,3,23,4,22,1,10,0,4,1,5,2,0,1,2
41,0,1,1,4,0,3,3,0,3,1,10447,0,1,13,3,23,3,22,13,5,0,0,0,3,2,1,1,2
47,0,1,2,4,0,2,3,3,2,1,10333,8,1,12,3,28,4,22,14,10,1,4,1,3,2,0,0,1
48,0,1,2,10,1,2,5,7,2,2,19665,4,0,12,3,29,3,22,12,9,3,4,1,1,1,1,1,2
48,0,2,2,22,0,3,4,5,4,1,17174,3,0,11,3,24,3,22,4,7,2,1,1,3,3,0,1,1
42,0,1,2,2,1,3,5,5,3,2,18880,5,0,11,3,24,2,22,4,14,3,1,0,4,3,1,2,2
45,0,0,2,1,1,2,3,4,3,2,10748,3,0,23,4,25,3,23,14,4,0,4,1,1,3,1,2,0
47,1,2,1,9,1,1,4,0,3,2,12936,7,0,11,3,25,3,23,14,10,3,1,0,1,1,0,0,1
46,0,1,1,1,0,3,3,0,1,1,10453,1,0,25,4,24,2,24,15,7,2,4,0,0,2,1,2,2
55,0,1,2,14,1,4,5,7,2,0,18722,8,0,11,3,36,3,24,2,15,3,2,0,0,2,1,3,1
45,0,1,2,1,1,4,5,5,4,2,19202,0,0,11,3,25,2,24,1,7,2,4,0,3,1,1,0,1
45,0,2,2,7,1,3,3,2,1,1,5210,1,0,18,3,24,2,24,9,11,0,0,1,5,2,0,1,2
42,0,2,2,8,1,3,5,5,4,1,18430,1,0,13,3,24,4,24,14,9,1,4,1,1,3,1,3,1
45,1,1,1,2,0,1,5,5,2,0,18824,2,1,16,3,26,2,24,1,11,0,4,1,2,3,1,3,1
53,0,1,1,2,0,2,4,5,4,2,15427,2,0,16,3,31,3,25,3,7,1,4,0,5,3,1,1,0
43,0,2,1,26,1,3,4,5,4,2,16959,1,1,12,3,25,3,25,4,12,1,4,1,2,1,1,2,1
43,0,1,2,12,1,2,4,7,2,1,14336,1,0,11,3,25,3,25,3,9,2,4,1,2,1,1,3,2
44,0,1,2,4,1,4,5,5,1,1,19190,1,0,14,3,26,4,25,14,13,2,1,0,4,1,1,3,0
47,0,1,2,2,0,3,4,5,4,2,16752,1,1,11,3,26,3,26,3,0,1,2,0,3,0,0,0,2
49,0,1,2,8,0,3,3,2,2,2,7403,4,0,11,3,29,3,26,1,7,3,4,0,4,0,1,1,2
46,0,1,1,2,0,3,4,5,1,2,17048,8,0,23,4,28,2,26,15,9,3,3,0,4,1,1,0,0
46,0,1,1,1,1,4,4,5,1,0,17567,1,0,15,3,27,5,26,0,12,2,1,1,3,3,1,0,0
50,0,1,2,7,0,2,5,7,3,1,18740,5,1,12,3,29,2,27,13,8,0,1,0,2,2,1,3,2
50,0,1,2,29,1,2,4,5,3,2,17046,0,0,15,3,28,2,27,15,7,2,1,0,4,1,1,3,2
60,0,1,2,7,0,3,5,5,1,2,19566,5,0,11,3,33,5,29,11,10,1,2,1,2,0,0,0,0
51,0,2,1,9,1,3,5,5,2,1,19847,4,1,24,4,31,5,29,11,10,2,0,0,0,1,0,0,1
50,0,2,2,20,1,3,4,4,3,2,11245,2,1,15,3,32,3,30,12,13,2,4,0,1,0,1,3,0
49,0,1,2,18,1,2,5,7,3,1,19502,1,1,17,3,31,5,31,0,9,3,3,1,3,3,1,3,0
58,1,1,2,2,1,3,5,7,2,0,19246,7,1,12,3,40,2,31,13,8,2,2,0,3,1,0,0,0
50,0,0,2,2,1,3,4,5,1,1,17924,1,0,11,3,31,3,31,14,7,1,0,0,4,2,0,1,0
50,0,2,0,3,1,3,5,5,2,2,18200,1,0,11,3,32,2,32,10,7,2,1,0,4,3,1,2,1
52,1,1,1,2,0,1,5,5,4,2,19845,1,0,15,3,33,3,32,6,9,0,4,1,3,2,0,1,0
50,0,2,2,22,1,1,4,7,4,0,14411,1,1,13,3,32,2,32,13,9,3,0,0,2,1,1,0,2
52,0,1,2,1,1,2,5,5,3,2,19999,0,0,14,3,34,5,33,11,9,3,4,0,5,0,0,0,0
52,0,0,1,2,1,2,5,5,3,0,19068,1,1,18,3,33,2,33,15,12,1,1,0,4,3,1,1,2
55,0,0,2,8,1,2,4,4,2,1,13577,1,1,15,3,34,3,33,15,0,0,1,0,3,1,0,2,2
51,0,1,0,5,1,3,4,5,2,1,14026,1,1,11,3,33,2,33,0,10,2,4,1,4,1,1,3,1
53,1,1,2,2,0,2,3,3,4,2,10169,0,0,16,3,34,4,33,1,9,2,3,0,4,0,1,0,1
52,0,1,1,3,1,2,4,5,1,2,16856,1,0,11,3,34,3,34,1,16,2,1,1,3,2,0,3,2
55,0,1,2,1,1,3,5,5,1,0,19045,0,1,14,3,37,2,36,4,13,2,3,0,1,1,0,2,0
55,0,1,1,26,1,2,5,5,4,2,19586,1,0,21,4,36,3,36,2,13,2,3,1,2,1,0,0,2
58,0,1,1,10,1,3,4,0,3,0,13872,0,0,13,3,38,1,37,1,8,3,2,0,2,2,1,1,2
58,1,1,2,23,0,3,3,4,4,2,10312,1,0,12,3,40,3,40,15,6,0,2,0,4,3,1,3,0
